ln_true,ln_naive,se_naive,ln_por,se_por,lam,n,pi,beta,sens,spec
0.6931471805599453,0.5376469201779731,0.034300740182059974,0.6681454857239688,0.03658101992695232,0.0,20000,0.5,0.6931471805599453,0.95,0.95
0.6931471805599453,0.5352742200324142,0.03401871714973949,0.6612872245660352,0.03615147523218678,0.0,20000,0.5,0.6931471805599453,0.95,0.95
0.6931471805599453,0.5870564787432232,0.03409916939670387,0.7262242012458219,0.03631105614482819,0.0,20000,0.5,0.6931471805599453,0.95,0.95
0.6931471805599453,0.5764345553148402,0.0342653364177927,0.715741226076412,0.03655752007591011,0.0,20000,0.5,0.6931471805599453,0.95,0.95
0.6931471805599453,0.5792273397271378,0.03398776171673344,0.7147058967471278,0.0361351710209981,0.0,20000,0.5,0.6931471805599453,0.95,0.95
0.6931471805599453,0.6016896467216201,0.03433710073359528,0.7476103225720175,0.03668626842620848,0.0,20000,0.5,0.6931471805599453,0.95,0.95
0.6931471805599453,0.5964763522898865,0.03417960262065194,0.7388941657011442,0.036440830329154475,0.0,20000,0.5,0.6931471805599453,0.95,0.95
0.6931471805599453,0.5388719793256885,0.03432950617301293,0.6701975246825493,0.03662664551331829,0.0,20000,0.5,0.6931471805599453,0.95,0.95
0.6931471805599453,0.5704448253229372,0.03434083219824982,0.709137601307005,0.03666702671086381,0.0,20000,0.5,0.6931471805599453,0.95,0.95
0.6931471805599453,0.5049775436925732,0.033994086320258216,0.623689979594183,0.036093757981240655,0.0,20000,0.5,0.6931471805599453,0.95,0.95
0.6931471805599453,0.5364373777903588,0.034250818534694444,0.6665118119276366,0.03650601240497388,0.0,20000,0.5,0.6931471805599453,0.95,0.95
0.6931471805599453,0.596461891164808,0.03425839947775811,0.7398809797456806,0.03656069812896337,0.0,20000,0.5,0.6931471805599453,0.95,0.95
0.6931471805599453,0.652508921269318,0.03454956944127806,0.8144396956558755,0.037062367431703234,0.0,20000,0.5,0.6931471805599453,0.95,0.95
0.6931471805599453,0.6038537757706968,0.03445690719479215,0.752124107024128,0.036872804806950335,0.0,20000,0.5,0.6931471805599453,0.95,0.95
0.6931471805599453,0.5528077019927556,0.034195515704115546,0.6854022122289453,0.03643227768057297,0.0,20000,0.5,0.6931471805599453,0.95,0.95
0.6931471805599453,0.538708365120769,0.0337652736143906,0.6618196020884323,0.03577203301005575,0.0,20000,0.5,0.6931471805599453,0.95,0.95
0.6931471805599453,0.5701911405062955,0.03414440982441572,0.7056061168026948,0.03636475200148076,0.0,20000,0.5,0.6931471805599453,0.95,0.95
0.6931471805599453,0.5895706890194143,0.034508542168936014,0.7359395634056105,0.03694388373785846,0.0,20000,0.5,0.6931471805599453,0.95,0.95
0.6931471805599453,0.5659802446255006,0.03422564441201385,0.702471022008751,0.036489140738604944,0.0,20000,0.5,0.6931471805599453,0.95,0.95
0.6931471805599453,0.5169635239586844,0.03405388920696601,0.6389641944706378,0.036189893604580865,0.0,20000,0.5,0.6931471805599453,0.95,0.95
0.6931471805599453,0.5714785219027635,0.03433008609317858,0.7102340781518318,0.036651244831728,0.0,20000,0.5,0.6931471805599453,0.95,0.95
0.6931471805599453,0.5604710124446908,0.034400303372719106,0.6983279677314816,0.03675321437106249,0.0,20000,0.5,0.6931471805599453,0.95,0.95
0.6931471805599453,0.5627400910363871,0.034322858136968684,0.6995545824566097,0.03663455415313283,0.0,20000,0.5,0.6931471805599453,0.95,0.95
0.6931471805599453,0.5685191570205735,0.034091195362607754,0.7031803425638868,0.036284881168398356,0.0,20000,0.5,0.6931471805599453,0.95,0.95
0.6931471805599453,0.6273510792210754,0.03438075421524728,0.7800183582750351,0.036775374457080706,0.0,20000,0.5,0.6931471805599453,0.95,0.95
0.6931471805599453,0.5753094607064613,0.034463190884708304,0.7170296132669872,0.03685935149257462,0.0,20000,0.5,0.6931471805599453,0.95,0.95
0.6931471805599453,0.5597801714608757,0.03396325128068126,0.6906382855029835,0.03608476645825455,0.0,20000,0.5,0.6931471805599453,0.95,0.95
0.6931471805599453,0.5966227453233857,0.03424527010034628,0.7402500833257307,0.03654219825054225,0.0,20000,0.5,0.6931471805599453,0.95,0.95
0.6931471805599453,0.5472287129292952,0.03425496103501303,0.6793786660734932,0.036518729339208814,0.0,20000,0.5,0.6931471805599453,0.95,0.95
0.6931471805599453,0.5335633981027649,0.03400573431485673,0.6592368207311339,0.036131486879497375,0.0,20000,0.5,0.6931471805599453,0.95,0.95
0.6931471805599453,0.5480684255039098,0.03435559862240031,0.6818747506842342,0.03667318572933525,0.0,20000,0.5,0.6931471805599453,0.95,0.95
0.6931471805599453,0.5333939823820277,0.03441470058557476,0.6647773434905595,0.03675362229863939,0.0,20000,0.5,0.6931471805599453,0.95,0.95
0.6931471805599453,0.5064631355134761,0.034130112904586195,0.6275167513818095,0.03630080494375063,0.0,20000,0.5,0.6931471805599453,0.95,0.95
0.6931471805599453,0.5303600502936524,0.033915823719743436,0.6540542098980814,0.03599375797489081,0.0,20000,0.5,0.6931471805599453,0.95,0.95
0.6931471805599453,0.52900399991309,0.03408531984701577,0.6549177744183473,0.03624901755343097,0.0,20000,0.5,0.6931471805599453,0.95,0.95
0.6931471805599453,0.49776078374956373,0.034060578115561596,0.6160263140801159,0.03619066487492755,0.0,20000,0.5,0.6931471805599453,0.95,0.95
0.6931471805599453,0.5302741363081392,0.03430842889886926,0.6597234824349798,0.036589577760961826,0.0,20000,0.5,0.6931471805599453,0.95,0.95
0.6931471805599453,0.5526694264971628,0.03413520800384753,0.6844638723591074,0.036340810058502385,0.0,20000,0.5,0.6931471805599453,0.95,0.95
0.6931471805599453,0.4818946084532225,0.03426523783750121,0.5991000129553727,0.03648923714071435,0.0,20000,0.5,0.6931471805599453,0.95,0.95
0.6931471805599453,0.579555208727285,0.0343260469071619,0.72017035905875,0.03665162695336867,0.0,20000,0.5,0.6931471805599453,0.95,0.95
0.6931471805599453,0.5538258964152128,0.03432537563833626,0.6886827887175627,0.03663202495787002,0.0,20000,0.5,0.6931471805599453,0.95,0.95
0.6931471805599453,0.5344571445845246,0.034337855878691266,0.6646842028391133,0.036634929869070736,0.0,20000,0.5,0.6931471805599453,0.95,0.95
0.6931471805599453,0.5430223140174785,0.034193742458540524,0.6736101411382437,0.03642347715617514,0.0,20000,0.5,0.6931471805599453,0.95,0.95
0.6931471805599453,0.542930087767469,0.033955237777300806,0.6697873292984214,0.03606087056381964,0.0,20000,0.5,0.6931471805599453,0.95,0.95
0.6931471805599453,0.5232315486114132,0.03403872498467779,0.64700920805463,0.0361744018215291,0.0,20000,0.5,0.6931471805599453,0.95,0.95
0.6931471805599453,0.5783214975702992,0.03410873010149835,0.7155263092418493,0.03631891221622406,0.0,20000,0.5,0.6931471805599453,0.95,0.95
0.6931471805599453,0.5216445923504359,0.03389827659711281,0.6431000311236127,0.03596167887971366,0.0,20000,0.5,0.6931471805599453,0.95,0.95
0.6931471805599453,0.5706628847807041,0.034276401003599286,0.7088483491449554,0.03657022144906166,0.0,20000,0.5,0.6931471805599453,0.95,0.95
0.6931471805599453,0.5386454183518348,0.03436487697541875,0.6704275892071005,0.03668058350211435,0.0,20000,0.5,0.6931471805599453,0.95,0.95
0.6931471805599453,0.5582965689547964,0.03412232458649825,0.6913862405955672,0.036325660541418094,0.0,20000,0.5,0.6931471805599453,0.95,0.95
0.6931471805599453,0.547396707973716,0.0341369806191931,0.6780638615006608,0.036339921091971095,0.0,20000,0.5,0.6931471805599453,0.95,0.95
0.6931471805599453,0.5706940490572805,0.03385237608154767,0.7022462414148676,0.03592435811477977,0.0,20000,0.5,0.6931471805599453,0.95,0.95
0.6931471805599453,0.6135727069625098,0.03424214844040686,0.7601694031135435,0.0365461557829652,0.0,20000,0.5,0.6931471805599453,0.95,0.95
0.6931471805599453,0.5585436744777459,0.03436032836585031,0.6947123999262595,0.03668743394611126,0.0,20000,0.5,0.6931471805599453,0.95,0.95
0.6931471805599453,0.6108660435278219,0.034319775105796105,0.7584557717438681,0.03666598550423904,0.0,20000,0.5,0.6931471805599453,0.95,0.95
0.6931471805599453,0.5521002504669904,0.03416219837708068,0.6838415945493577,0.036379887375592515,0.0,20000,0.5,0.6931471805599453,0.95,0.95
0.6931471805599453,0.525384618588236,0.03458102050674343,0.6571126820132335,0.03700227236418743,0.0,20000,0.5,0.6931471805599453,0.95,0.95
0.6931471805599453,0.5565993386773872,0.03414871864285871,0.6894917066447331,0.0363642014214444,0.0,20000,0.5,0.6931471805599453,0.95,0.95
0.6931471805599453,0.5569124705370444,0.03410552740603087,0.6892255487181216,0.03629864148020373,0.0,20000,0.5,0.6931471805599453,0.95,0.95
0.6931471805599453,0.5033677425150824,0.03414149992457441,0.6238975528914072,0.036316124526578224,0.0,20000,0.5,0.6931471805599453,0.95,0.95
0.6931471805599453,0.5861077860772628,0.0346425014106704,0.7327632601372474,0.03714276379050842,0.0,20000,0.5,0.6931471805599453,0.95,0.95
0.6931471805599453,0.5287185313758082,0.03420732298823849,0.6559551030016432,0.03643308894076622,0.0,20000,0.5,0.6931471805599453,0.95,0.95
0.6931471805599453,0.6118983341179747,0.034220154463381246,0.7586342524431979,0.03651549867293688,0.0,20000,0.5,0.6931471805599453,0.95,0.95
0.6931471805599453,0.5841317883967642,0.0343129779019627,0.7258162006632517,0.03663617314418299,0.0,20000,0.5,0.6931471805599453,0.95,0.95
0.6931471805599453,0.4909349384023206,0.03425904034871512,0.6097739026016299,0.03648299251077317,0.0,20000,0.5,0.6931471805599453,0.95,0.95
0.6931471805599453,0.5301867183288095,0.033950962136829084,0.6542109118361609,0.036046288680969145,0.0,20000,0.5,0.6931471805599453,0.95,0.95
0.6931471805599453,0.5070520005723446,0.03432720622561022,0.6310048392855954,0.0366007213025464,0.0,20000,0.5,0.6931471805599453,0.95,0.95
0.6931471805599453,0.5517172950925053,0.034280041772592626,0.6856312865569979,0.03656172941729038,0.0,20000,0.5,0.6931471805599453,0.95,0.95
0.6931471805599453,0.5416967319460632,0.034445100855679,0.6749756563901105,0.03680300836569868,0.0,20000,0.5,0.6931471805599453,0.95,0.95
0.6931471805599453,0.4912751031471614,0.03403293983263841,0.607633818961219,0.03614470256285981,0.0,20000,0.5,0.6931471805599453,0.95,0.95
0.6931471805599453,0.5820870151946305,0.03420981580781766,0.7217972519813799,0.03647655248437161,0.0,20000,0.5,0.6931471805599453,0.95,0.95
0.6931471805599453,0.6070426885558051,0.034435108958663446,0.7560202530244268,0.03684334913001501,0.0,20000,0.5,0.6931471805599453,0.95,0.95
0.6931471805599453,0.5655470713507497,0.03414571928760416,0.7003050290152748,0.0363655889089607,0.0,20000,0.5,0.6931471805599453,0.95,0.95
0.6931471805599453,0.5704769697883578,0.034297034317215355,0.7084651000609937,0.036599563269623714,0.0,20000,0.5,0.6931471805599453,0.95,0.95
0.6931471805599453,0.5453844390254187,0.03410794693214908,0.6756003424264002,0.036294259085359076,0.0,20000,0.5,0.6931471805599453,0.95,0.95
0.6931471805599453,0.5561163681896363,0.03413019929582559,0.6889498672013519,0.03633611858191545,0.0,20000,0.5,0.6931471805599453,0.95,0.95
0.6931471805599453,0.5401544897301873,0.034370433213829585,0.6725000180717997,0.036690898165505366,0.0,20000,0.5,0.6931471805599453,0.95,0.95
0.6931471805599453,0.6225778504718226,0.03432373650151951,0.7732553159119689,0.03668332464756875,0.0,20000,0.5,0.6931471805599453,0.95,0.95
0.6931471805599453,0.6146835082797628,0.03404583000962583,0.7585936547219337,0.03624765309337158,0.0,20000,0.5,0.6931471805599453,0.95,0.95
0.6931471805599453,0.5446796615462115,0.034098284290483595,0.6741399233591268,0.036279129763554234,0.0,20000,0.5,0.6931471805599453,0.95,0.95
0.6931471805599453,0.523829169589126,0.034176856779378,0.6496664392221543,0.03638403615641272,0.0,20000,0.5,0.6931471805599453,0.95,0.95
0.6931471805599453,0.5878985309473078,0.034288897267264834,0.7293142748716092,0.03659715019002728,0.0,20000,0.5,0.6931471805599453,0.95,0.95
0.6931471805599453,0.6102846108829304,0.034306592343414447,0.7581923167219071,0.03664782790847154,0.0,20000,0.5,0.6931471805599453,0.95,0.95
0.6931471805599453,0.5562324736108384,0.03422969356212748,0.6902941396236965,0.03648765768053368,0.0,20000,0.5,0.6931471805599453,0.95,0.95
0.6931471805599453,0.6101204207646866,0.03439130816437364,0.7595145502609223,0.03677903085085063,0.0,20000,0.5,0.6931471805599453,0.95,0.95
0.6931471805599453,0.5400133121548356,0.03408702390527124,0.6683181738179316,0.03625898039316885,0.0,20000,0.5,0.6931471805599453,0.95,0.95
0.6931471805599453,0.5163231539779004,0.03401472935570109,0.6381270386638134,0.036133400212659324,0.0,20000,0.5,0.6931471805599453,0.95,0.95
0.6931471805599453,0.5028954620444139,0.034136456922458765,0.6230124964546243,0.03630677318612737,0.0,20000,0.5,0.6931471805599453,0.95,0.95
0.6931471805599453,0.5323965241901782,0.034383907213854197,0.6627352525929463,0.03670329921772685,0.0,20000,0.5,0.6931471805599453,0.95,0.95
0.6931471805599453,0.5498646215741492,0.03439301009215995,0.6847647911823532,0.036732606501771875,0.0,20000,0.5,0.6931471805599453,0.95,0.95
0.6931471805599453,0.5682216773780505,0.03445131899639663,0.7084854989667497,0.03683743025124207,0.0,20000,0.5,0.6931471805599453,0.95,0.95
0.6931471805599453,0.5222823652750512,0.03401494854947674,0.6453670223005836,0.036137379076489604,0.0,20000,0.5,0.6931471805599453,0.95,0.95
0.6931471805599453,0.5651918587130408,0.03389849217357932,0.6964522949597195,0.03599071288488776,0.0,20000,0.5,0.6931471805599453,0.95,0.95
0.6931471805599453,0.577265661667049,0.03402342744170464,0.7126620651890105,0.03618714979167885,0.0,20000,0.5,0.6931471805599453,0.95,0.95
0.6931471805599453,0.5871179375333603,0.034287562078596685,0.7288957090875704,0.03659846787418662,0.0,20000,0.5,0.6931471805599453,0.95,0.95
0.6931471805599453,0.5704677223677994,0.03421111535190862,0.7079450031496258,0.03647008098918737,0.0,20000,0.5,0.6931471805599453,0.95,0.95
0.6931471805599453,0.5510031750809881,0.03425344680020647,0.6840694019854456,0.03651953039624076,0.0,20000,0.5,0.6931471805599453,0.95,0.95
0.6931471805599453,0.568062541944945,0.034148753215856344,0.7031215005131071,0.03637023921978523,0.0,20000,0.5,0.6931471805599453,0.95,0.95
0.6931471805599453,0.5750931996908408,0.03423296349831013,0.7132620555048238,0.0365054891901665,0.0,20000,0.5,0.6931471805599453,0.95,0.95
0.6931471805599453,0.5375336269699796,0.034152729041978004,0.6667795136155139,0.03635584472111978,0.0,20000,0.5,0.6931471805599453,0.95,0.95
0.6931471805599453,0.5755917365026257,0.03441135071977207,0.7169193512104532,0.03678140793616799,0.0,20000,0.5,0.6931471805599453,0.95,0.95
0.6931471805599453,0.5680091790938323,0.03414625944295575,0.7027351486840768,0.036364223344279106,0.0,20000,0.5,0.6931471805599453,0.95,0.95
0.6931471805599453,0.5574713211147242,0.034323251917283186,0.693234949058192,0.03663188301571968,0.0,20000,0.5,0.6931471805599453,0.95,0.95
0.6931471805599453,0.579998603215879,0.03425154784040652,0.7195826339803746,0.03653771097402146,0.0,20000,0.5,0.6931471805599453,0.95,0.95
0.6931471805599453,0.5173248164897921,0.03406095356974477,0.640343298001572,0.03620414004241905,0.0,20000,0.5,0.6931471805599453,0.95,0.95
0.6931471805599453,0.5840648452782748,0.03440162682746821,0.7273405342997373,0.036773540000648065,0.0,20000,0.5,0.6931471805599453,0.95,0.95
0.6931471805599453,0.5713464327293761,0.0342146344048998,0.7088389286135981,0.03647622154541952,0.0,20000,0.5,0.6931471805599453,0.95,0.95
0.6931471805599453,0.5809661757085386,0.034327423409248395,0.7223291816024107,0.036656579172564686,0.0,20000,0.5,0.6931471805599453,0.95,0.95
0.6931471805599453,0.5478848252359525,0.034088582422728365,0.6777730082119181,0.03626602688676444,0.0,20000,0.5,0.6931471805599453,0.95,0.95
0.6931471805599453,0.5973445303977208,0.03436474708413139,0.742666324624726,0.0367252243357358,0.0,20000,0.5,0.6931471805599453,0.95,0.95
0.6931471805599453,0.5575641062725124,0.034186334132277396,0.6913648595101631,0.03642262503444096,0.0,20000,0.5,0.6931471805599453,0.95,0.95
0.6931471805599453,0.4898461056815852,0.03419796820529863,0.6082856242804403,0.03639337097739215,0.0,20000,0.5,0.6931471805599453,0.95,0.95
0.6931471805599453,0.6072771463831821,0.03449526788019042,0.7575725794328569,0.036937959043532864,0.0,20000,0.5,0.6931471805599453,0.95,0.95
0.6931471805599453,0.5798056004621935,0.03430173245440099,0.720199821216541,0.036614989062378776,0.0,20000,0.5,0.6931471805599453,0.95,0.95
0.6931471805599453,0.521944351369635,0.034167138462034764,0.6470801169338174,0.03636745460752866,0.0,20000,0.5,0.6931471805599453,0.95,0.95
0.6931471805599453,0.5107233550560383,0.034088663404795445,0.6326070120288511,0.03624168626138492,0.0,20000,0.5,0.6931471805599453,0.95,0.95
0.6931471805599453,0.6078466860926817,0.03413922302088516,0.7520188879428868,0.03638689797567921,0.0,20000,0.5,0.6931471805599453,0.95,0.95
0.6931471805599453,0.572379225047491,0.03449715052688248,0.7142195651307093,0.036911099669739475,0.0,20000,0.5,0.6931471805599453,0.95,0.95
0.6931471805599453,0.566723356801778,0.03447274730164364,0.7063985566006491,0.03686594948812326,0.0,20000,0.5,0.6931471805599453,0.95,0.95
0.6931471805599453,0.6212942454889114,0.034350658051040095,0.7724330406035634,0.03672491519532059,0.0,20000,0.5,0.6931471805599453,0.95,0.95
0.6931471805599453,0.6060914750105697,0.03453137679938946,0.7567526617261346,0.03699331036834511,0.0,20000,0.5,0.6931471805599453,0.95,0.95
0.6931471805599453,0.551372275133869,0.03407618342470406,0.6816293214545897,0.03624830772280761,0.0,20000,0.5,0.6931471805599453,0.95,0.95
0.6931471805599453,0.5408049823379854,0.03396135218474226,0.6671272748438198,0.03606796646036561,0.0,20000,0.5,0.6931471805599453,0.95,0.95
0.6931471805599453,0.5022660273561672,0.03409794504732656,0.6215740197712615,0.0362470551044303,0.0,20000,0.5,0.6931471805599453,0.95,0.95
0.6931471805599453,0.5774206849478689,0.03428952694128961,0.7171061653577604,0.036594553596729675,0.0,20000,0.5,0.6931471805599453,0.95,0.95
0.6931471805599453,0.573707742572827,0.0341619676504509,0.7107173225995972,0.03639692762584669,0.0,20000,0.5,0.6931471805599453,0.95,0.95
0.6931471805599453,0.5606582987864177,0.0343469677769861,0.6975887593143202,0.036670934363719966,0.0,20000,0.5,0.6931471805599453,0.95,0.95
0.6931471805599453,0.5292052243793318,0.03416317264952348,0.6562458215679848,0.03636731402096825,0.0,20000,0.5,0.6931471805599453,0.95,0.95
0.6931471805599453,0.5416687516378174,0.0341185051736273,0.6706914700120294,0.036307584185717535,0.0,20000,0.5,0.6931471805599453,0.95,0.95
0.6931471805599453,0.574622845241259,0.03442941827007011,0.7157667996134044,0.03680735107149685,0.0,20000,0.5,0.6931471805599453,0.95,0.95
0.6931471805599453,0.6051408950183595,0.0343031391662733,0.7516007811987498,0.036637895176776396,0.0,20000,0.5,0.6931471805599453,0.95,0.95
0.6931471805599453,0.5829690877298442,0.03445644937084784,0.7261941987772916,0.03685383183239383,0.0,20000,0.5,0.6931471805599453,0.95,0.95
0.6931471805599453,0.5368447292302979,0.03441556318929611,0.6687818987921745,0.03675585460941168,0.0,20000,0.5,0.6931471805599453,0.95,0.95
0.6931471805599453,0.5790813016634724,0.03403678933114715,0.7153195072197217,0.036209737195244084,0.0,20000,0.5,0.6931471805599453,0.95,0.95
0.6931471805599453,0.6003911803246952,0.0339868034210779,0.7404883358399341,0.03614856387208553,0.0,20000,0.5,0.6931471805599453,0.95,0.95
0.6931471805599453,0.5722484670838238,0.0341670123696198,0.7087176995681519,0.03640230031757345,0.0,20000,0.5,0.6931471805599453,0.95,0.95
0.6931471805599453,0.5523275156440396,0.03416453516564208,0.6842848891372201,0.03638436802971689,0.0,20000,0.5,0.6931471805599453,0.95,0.95
0.6931471805599453,0.5361857613715001,0.03435838785325708,0.6671174365155069,0.03666763604360467,0.0,20000,0.5,0.6931471805599453,0.95,0.95
0.6931471805599453,0.5510973079484498,0.033848246599332554,0.6785892080148164,0.03590546673589071,0.0,20000,0.5,0.6931471805599453,0.95,0.95
0.6931471805599453,0.5637316142704087,0.03423737216710659,0.6987968155711006,0.036499500178784894,0.0,20000,0.5,0.6931471805599453,0.95,0.95
0.6931471805599453,0.5730093388032957,0.03430226760053073,0.7120909500859256,0.03661160283569346,0.0,20000,0.5,0.6931471805599453,0.95,0.95
0.6931471805599453,0.5516011522626609,0.03409286730879173,0.6824567584087798,0.036275404874875475,0.0,20000,0.5,0.6931471805599453,0.95,0.95
0.6931471805599453,0.5343565994256623,0.03429114082272678,0.6639512625592833,0.0365639574031111,0.0,20000,0.5,0.6931471805599453,0.95,0.95
0.6931471805599453,0.5614520035171962,0.03417941724675544,0.6962923366136818,0.036415050376525815,0.0,20000,0.5,0.6931471805599453,0.95,0.95
0.6931471805599453,0.5711020812115256,0.03444074715398216,0.7118941363591816,0.036823447439858645,0.0,20000,0.5,0.6931471805599453,0.95,0.95
0.6931471805599453,0.5931266076841959,0.034345399333325866,0.737374004195096,0.03669307752487002,0.0,20000,0.5,0.6931471805599453,0.95,0.95
0.6931471805599453,0.5316067362895553,0.03430910718112931,0.6608986819986071,0.03658987938973704,0.0,20000,0.5,0.6931471805599453,0.95,0.95
0.6931471805599453,0.5898040481556205,0.03450028345321845,0.7356881385357792,0.036929616416914585,0.0,20000,0.5,0.6931471805599453,0.95,0.95
0.6931471805599453,0.5455678430694266,0.03419422448860065,0.6765264501139788,0.036425291793363325,0.0,20000,0.5,0.6931471805599453,0.95,0.95
0.6931471805599453,0.5690671946218873,0.034166577171971135,0.7048847456328989,0.03639971023951344,0.0,20000,0.5,0.6931471805599453,0.95,0.95
0.6931471805599453,0.49181311383859533,0.03268241219843351,0.752116834678609,0.0367447353448536,0.0,20000,0.5,0.6931471805599453,0.9,0.9
0.6931471805599453,0.4858326836909934,0.03270151087216195,0.7433648445314633,0.036775353171887994,0.0,20000,0.5,0.6931471805599453,0.9,0.9
0.6931471805599453,0.4242454885674936,0.03253530844692156,0.6448737377021961,0.03630073189792468,0.0,20000,0.5,0.6931471805599453,0.9,0.9
0.6931471805599453,0.42490444955357154,0.0325049768827065,0.6449174735596225,0.03623379245085219,0.0,20000,0.5,0.6931471805599453,0.9,0.9
0.6931471805599453,0.45773445047786776,0.03265564754155293,0.7001592432709838,0.03662738312328859,0.0,20000,0.5,0.6931471805599453,0.9,0.9
0.6931471805599453,0.4446741057430994,0.03231302453605723,0.667446670138255,0.035833013217054226,0.0,20000,0.5,0.6931471805599453,0.9,0.9
0.6931471805599453,0.44441326913879964,0.03267106835129853,0.6801434421982981,0.036639637534543794,0.0,20000,0.5,0.6931471805599453,0.9,0.9
0.6931471805599453,0.4659397185429539,0.03273649703013857,0.7155069873854861,0.0368275059071527,0.0,20000,0.5,0.6931471805599453,0.9,0.9
0.6931471805599453,0.41947715916826583,0.03241788798614241,0.6334366871271547,0.036030629615558515,0.0,20000,0.5,0.6931471805599453,0.9,0.9
0.6931471805599453,0.4294305692260472,0.03255380194030493,0.6531853821663172,0.03634945488633249,0.0,20000,0.5,0.6931471805599453,0.9,0.9
0.6931471805599453,0.4719147399341282,0.03250813632087956,0.7153842067564298,0.036311354780136945,0.0,20000,0.5,0.6931471805599453,0.9,0.9
0.6931471805599453,0.43901272759255383,0.03250184723241836,0.6661354602862181,0.03624754355499765,0.0,20000,0.5,0.6931471805599453,0.9,0.9
0.6931471805599453,0.406005993405327,0.032588164164382184,0.6193421130875746,0.036393617509015756,0.0,20000,0.5,0.6931471805599453,0.9,0.9
0.6931471805599453,0.4604271875415702,0.03279644625203294,0.710690174238277,0.03695706327985769,0.0,20000,0.5,0.6931471805599453,0.9,0.9
0.6931471805599453,0.4484494740110533,0.03263945939740407,0.6862358015756271,0.036572567942030454,0.0,20000,0.5,0.6931471805599453,0.9,0.9
0.6931471805599453,0.4630879771882183,0.032460918446575504,0.7007859707849975,0.03619115260833036,0.0,20000,0.5,0.6931471805599453,0.9,0.9
0.6931471805599453,0.4524148668248519,0.032555381861493794,0.688021756354728,0.0363887348064716,0.0,20000,0.5,0.6931471805599453,0.9,0.9
0.6931471805599453,0.48486876501933346,0.03273841943887997,0.7431240865621829,0.036857155358878534,0.0,20000,0.5,0.6931471805599453,0.9,0.9
0.6931471805599453,0.4446183451594253,0.032544489185984404,0.6754039210969507,0.03634962850084973,0.0,20000,0.5,0.6931471805599453,0.9,0.9
0.6931471805599453,0.40555331347057183,0.03260901980946307,0.6188228947788292,0.03643714029004697,0.0,20000,0.5,0.6931471805599453,0.9,0.9
0.6931471805599453,0.42890745167679856,0.03235747045588962,0.6453174605728489,0.03590905858491047,0.0,20000,0.5,0.6931471805599453,0.9,0.9
0.6931471805599453,0.5144589799934765,0.032677975612956135,0.7860000348216655,0.036774093578337164,0.0,20000,0.5,0.6931471805599453,0.9,0.9
0.6931471805599453,0.45112652075726106,0.03259724672486641,0.6877792983360614,0.03648246565995285,0.0,20000,0.5,0.6931471805599453,0.9,0.9
0.6931471805599453,0.38557813829734366,0.03265629449154188,0.5909517224741152,0.03651791453167275,0.0,20000,0.5,0.6931471805599453,0.9,0.9
0.6931471805599453,0.40828082028904633,0.03251337837957734,0.619339306935002,0.036223688268601624,0.0,20000,0.5,0.6931471805599453,0.9,0.9
0.6931471805599453,0.4488880652939869,0.032676355367844204,0.6871057165403837,0.03665895231758283,0.0,20000,0.5,0.6931471805599453,0.9,0.9
0.6931471805599453,0.4722032766644275,0.03263208293668288,0.7206730841029233,0.03659566180236421,0.0,20000,0.5,0.6931471805599453,0.9,0.9
0.6931471805599453,0.43112105547417173,0.03250920224010434,0.6543073472436812,0.03625210786910215,0.0,20000,0.5,0.6931471805599453,0.9,0.9
0.6931471805599453,0.5119737044744114,0.03287836983901942,0.7917897921932826,0.03724827364591781,0.0,20000,0.5,0.6931471805599453,0.9,0.9
0.6931471805599453,0.4646126714380267,0.032401661950854026,0.6994595023420078,0.03605409973406312,0.0,20000,0.5,0.6931471805599453,0.9,0.9
0.6931471805599453,0.4731576324090679,0.032805917869090366,0.7285645805527953,0.03699787260131303,0.0,20000,0.5,0.6931471805599453,0.9,0.9
0.6931471805599453,0.4212563441891801,0.03255216295318026,0.6411563738578909,0.03633477712447841,0.0,20000,0.5,0.6931471805599453,0.9,0.9
0.6931471805599453,0.4687675135472636,0.03271511759226052,0.7186625676487614,0.0367813058045609,0.0,20000,0.5,0.6931471805599453,0.9,0.9
0.6931471805599453,0.39988045432122743,0.03257932356103297,0.6099920744028252,0.03636504484415944,0.0,20000,0.5,0.6931471805599453,0.9,0.9
0.6931471805599453,0.4756767653996294,0.032598102286143335,0.7246768023578468,0.03652362999904382,0.0,20000,0.5,0.6931471805599453,0.9,0.9
0.6931471805599453,0.4021913365613701,0.03267659274430178,0.6156801651918566,0.03658155377777925,0.0,20000,0.5,0.6931471805599453,0.9,0.9
0.6931471805599453,0.5088421352427861,0.03264258691240922,0.7768877321038345,0.03668431122211134,0.0,20000,0.5,0.6931471805599453,0.9,0.9
0.6931471805599453,0.4346442423695934,0.0322309550595135,0.6492760839554311,0.03563726633421992,0.0,20000,0.5,0.6931471805599453,0.9,0.9
0.6931471805599453,0.47459484803747454,0.03275972012198949,0.7299639144048081,0.03689790186347926,0.0,20000,0.5,0.6931471805599453,0.9,0.9
0.6931471805599453,0.4624744001001583,0.03263403099168291,0.7059127574045239,0.03658332886447004,0.0,20000,0.5,0.6931471805599453,0.9,0.9
0.6931471805599453,0.42377199110376984,0.03262868688379354,0.6474412053413106,0.036511019756561736,0.0,20000,0.5,0.6931471805599453,0.9,0.9
0.6931471805599453,0.4727492989764931,0.03280482572747333,0.72979489980239,0.03699918038943315,0.0,20000,0.5,0.6931471805599453,0.9,0.9
0.6931471805599453,0.46993308965705344,0.032601139458810165,0.7162904280911286,0.03652162313636206,0.0,20000,0.5,0.6931471805599453,0.9,0.9
0.6931471805599453,0.4455308040246781,0.03259386154102917,0.6784379891687761,0.03646183236034081,0.0,20000,0.5,0.6931471805599453,0.9,0.9
0.6931471805599453,0.42868738552044305,0.032499994418867674,0.6498618666165922,0.03622562241942407,0.0,20000,0.5,0.6931471805599453,0.9,0.9
0.6931471805599453,0.4591689930531879,0.03276781486285443,0.7065621576439446,0.0368891347928065,0.0,20000,0.5,0.6931471805599453,0.9,0.9
0.6931471805599453,0.42732805398745155,0.03233816144593553,0.6423383914888454,0.03586440406671806,0.0,20000,0.5,0.6931471805599453,0.9,0.9
0.6931471805599453,0.4178384345674177,0.032715027936254776,0.6419920357951324,0.0366998845872757,0.0,20000,0.5,0.6931471805599453,0.9,0.9
0.6931471805599453,0.47547908163719244,0.03259436351901815,0.7237054297190264,0.036512111682051346,0.0,20000,0.5,0.6931471805599453,0.9,0.9
0.6931471805599453,0.47353595039567653,0.032401882254803144,0.7138298357350666,0.03607341616716305,0.0,20000,0.5,0.6931471805599453,0.9,0.9
0.6931471805599453,0.4318197882909187,0.03264214530719064,0.66049129123216,0.03655504521995271,0.0,20000,0.5,0.6931471805599453,0.9,0.9
0.6931471805599453,0.4135303763232748,0.032778397267463524,0.6375145377837692,0.036838249984840574,0.0,20000,0.5,0.6931471805599453,0.9,0.9
0.6931471805599453,0.49436358572606465,0.032939355076688284,0.7681390188067495,0.03736139253735125,0.0,20000,0.5,0.6931471805599453,0.9,0.9
0.6931471805599453,0.43428512314103773,0.032601932352904234,0.6621717455258636,0.03646539434975298,0.0,20000,0.5,0.6931471805599453,0.9,0.9
0.6931471805599453,0.48228692856912375,0.03235578020920817,0.724410902967903,0.03598038413899325,0.0,20000,0.5,0.6931471805599453,0.9,0.9
0.6931471805599453,0.4829796810962527,0.03246473979373999,0.7305844464915622,0.03623057428074636,0.0,20000,0.5,0.6931471805599453,0.9,0.9
0.6931471805599453,0.4892847968596164,0.03288364351182365,0.7570416478342802,0.03721545719678371,0.0,20000,0.5,0.6931471805599453,0.9,0.9
0.6931471805599453,0.4793393916328276,0.032488790795992206,0.7257529551091837,0.03627901887994215,0.0,20000,0.5,0.6931471805599453,0.9,0.9
0.6931471805599453,0.4625536730885108,0.03262822145216756,0.7057935544633506,0.03657004575673171,0.0,20000,0.5,0.6931471805599453,0.9,0.9
0.6931471805599453,0.4072637435459205,0.03236760706606372,0.6138155223139723,0.03590358671418518,0.0,20000,0.5,0.6931471805599453,0.9,0.9
0.6931471805599453,0.5279785464883223,0.03269422523687308,0.8083703303260437,0.03684064127369675,0.0,20000,0.5,0.6931471805599453,0.9,0.9
0.6931471805599453,0.4770602621280161,0.03261587941853613,0.7275495737763055,0.03656711945020243,0.0,20000,0.5,0.6931471805599453,0.9,0.9
0.6931471805599453,0.4859982567209721,0.03270470276557279,0.7448116959068024,0.0367889160126515,0.0,20000,0.5,0.6931471805599453,0.9,0.9
0.6931471805599453,0.4747302560137748,0.03286900568396856,0.7331696448849576,0.03714582801644821,0.0,20000,0.5,0.6931471805599453,0.9,0.9
0.6931471805599453,0.40568408454325344,0.03239290181481401,0.6124200879649068,0.03595723013038763,0.0,20000,0.5,0.6931471805599453,0.9,0.9
0.6931471805599453,0.4178577014385606,0.03273633805282733,0.6425062505774815,0.036748216309458764,0.0,20000,0.5,0.6931471805599453,0.9,0.9
0.6931471805599453,0.4782172077214067,0.03261230145882358,0.729489393739847,0.03656138141823877,0.0,20000,0.5,0.6931471805599453,0.9,0.9
0.6931471805599453,0.4628573771536956,0.03255107446592907,0.702702035584532,0.03639036470522133,0.0,20000,0.5,0.6931471805599453,0.9,0.9
0.6931471805599453,0.4301107482829223,0.032480151833774555,0.6511480817329913,0.036182191115973365,0.0,20000,0.5,0.6931471805599453,0.9,0.9
0.6931471805599453,0.40290032838537704,0.032560040197901194,0.6136229296848731,0.036325760743821364,0.0,20000,0.5,0.6931471805599453,0.9,0.9
0.6931471805599453,0.4949531861215973,0.03251208882254019,0.7494394853416518,0.03635430252523365,0.0,20000,0.5,0.6931471805599453,0.9,0.9
0.6931471805599453,0.5164349324604239,0.03289241991407832,0.7991934037286178,0.037290718626616454,0.0,20000,0.5,0.6931471805599453,0.9,0.9
0.6931471805599453,0.48708731288816254,0.032454774334862525,0.7355944896517994,0.03621218257519277,0.0,20000,0.5,0.6931471805599453,0.9,0.9
0.6931471805599453,0.48837279467723943,0.03265130575254177,0.7458812672374445,0.03666761615937209,0.0,20000,0.5,0.6931471805599453,0.9,0.9
0.6931471805599453,0.4793836949122094,0.03251023049748334,0.7264678949665696,0.036327183183791405,0.0,20000,0.5,0.6931471805599453,0.9,0.9
0.6931471805599453,0.49817974610614185,0.032523119129438824,0.7552024528726051,0.03638743769419557,0.0,20000,0.5,0.6931471805599453,0.9,0.9
0.6931471805599453,0.4645357862398057,0.03254127690056367,0.7049189532961679,0.03637130168571346,0.0,20000,0.5,0.6931471805599453,0.9,0.9
0.6931471805599453,0.40848670744933135,0.0325968974358552,0.6238163782525424,0.03641651288042988,0.0,20000,0.5,0.6931471805599453,0.9,0.9
0.6931471805599453,0.4844038242462909,0.03268756521947574,0.741058141702947,0.03674336564407624,0.0,20000,0.5,0.6931471805599453,0.9,0.9
0.6931471805599453,0.4537818302770608,0.032624150547978965,0.692912311132205,0.036548482767077214,0.0,20000,0.5,0.6931471805599453,0.9,0.9
0.6931471805599453,0.408736228071084,0.032630548130911825,0.6248018664678289,0.036492888919679785,0.0,20000,0.5,0.6931471805599453,0.9,0.9
0.6931471805599453,0.4910712935637711,0.03241911563298282,0.7407686359945689,0.03613936574525317,0.0,20000,0.5,0.6931471805599453,0.9,0.9
0.6931471805599453,0.43385632798030793,0.0328290567630302,0.6707955700898589,0.03698937967537629,0.0,20000,0.5,0.6931471805599453,0.9,0.9
0.6931471805599453,0.44274891629426033,0.03291770898035117,0.6873604543482399,0.03721121195151186,0.0,20000,0.5,0.6931471805599453,0.9,0.9
0.6931471805599453,0.4320288707265699,0.03255492244105203,0.6564706979627254,0.0363511814116715,0.0,20000,0.5,0.6931471805599453,0.9,0.9
0.6931471805599453,0.47546749954536505,0.03256300326581133,0.7218956533796385,0.036436145071471165,0.0,20000,0.5,0.6931471805599453,0.9,0.9
0.6931471805599453,0.4310110283241771,0.03239409671742843,0.6498045080371234,0.03599354066748473,0.0,20000,0.5,0.6931471805599453,0.9,0.9
0.6931471805599453,0.45176721542032855,0.03259284070937321,0.6876137420319255,0.036467870117129424,0.0,20000,0.5,0.6931471805599453,0.9,0.9
0.6931471805599453,0.46640291209342666,0.03292154127282701,0.72424794541176,0.037264847609664906,0.0,20000,0.5,0.6931471805599453,0.9,0.9
0.6931471805599453,0.4385315235783683,0.03269845398529395,0.6727601913773253,0.03669473541107011,0.0,20000,0.5,0.6931471805599453,0.9,0.9
0.6931471805599453,0.46234730254819406,0.03253641150284091,0.702702726473116,0.03636144684701952,0.0,20000,0.5,0.6931471805599453,0.9,0.9
0.6931471805599453,0.4669775234954626,0.032337569512162295,0.7013211298165197,0.035918637324385085,0.0,20000,0.5,0.6931471805599453,0.9,0.9
0.6931471805599453,0.4945707157789109,0.03272933331586238,0.7589649518391519,0.03686214270266195,0.0,20000,0.5,0.6931471805599453,0.9,0.9
0.6931471805599453,0.46287650838270566,0.032374030823272865,0.6966961710040482,0.035994600535073404,0.0,20000,0.5,0.6931471805599453,0.9,0.9
0.6931471805599453,0.4063405772232862,0.032505221406128756,0.6168683781899122,0.03620760582282296,0.0,20000,0.5,0.6931471805599453,0.9,0.9
0.6931471805599453,0.43671666037641965,0.03252021404352639,0.662796044540054,0.03628382481885624,0.0,20000,0.5,0.6931471805599453,0.9,0.9
0.6931471805599453,0.46339600979277373,0.03266810198674667,0.7085155577089836,0.036662551704317405,0.0,20000,0.5,0.6931471805599453,0.9,0.9
0.6931471805599453,0.4807935233124819,0.03266993839693224,0.7349885188541682,0.036696812476393226,0.0,20000,0.5,0.6931471805599453,0.9,0.9
0.6931471805599453,0.4781863668660148,0.032598846499391765,0.7283369790767593,0.03652890806275527,0.0,20000,0.5,0.6931471805599453,0.9,0.9
0.6931471805599453,0.42549845892232385,0.03278327122144885,0.6549823681640432,0.036862415247130007,0.0,20000,0.5,0.6931471805599453,0.9,0.9
0.6931471805599453,0.4432125086192278,0.03255176437062185,0.6738631301156434,0.036365661344443835,0.0,20000,0.5,0.6931471805599453,0.9,0.9
0.6931471805599453,0.3803714708050598,0.03269107138677816,0.5842104580223214,0.036588932974988865,0.0,20000,0.5,0.6931471805599453,0.9,0.9
0.6931471805599453,0.44524506309667305,0.032590759527964114,0.6789610008930185,0.03645871939946533,0.0,20000,0.5,0.6931471805599453,0.9,0.9
0.6931471805599453,0.45347777871608635,0.03269253880118098,0.6950024749931278,0.03670509770450646,0.0,20000,0.5,0.6931471805599453,0.9,0.9
0.6931471805599453,0.49336547800721486,0.03257058095631327,0.7498338184771607,0.03648822446947737,0.0,20000,0.5,0.6931471805599453,0.9,0.9
0.6931471805599453,0.43720703683327156,0.03270161274128291,0.6706619658991742,0.03669940963625807,0.0,20000,0.5,0.6931471805599453,0.9,0.9
0.6931471805599453,0.48824006289113797,0.03266143251150625,0.7461560663157915,0.036691148980313476,0.0,20000,0.5,0.6931471805599453,0.9,0.9
0.6931471805599453,0.4589826406292829,0.032403612723767176,0.6925473274006111,0.03605554149729679,0.0,20000,0.5,0.6931471805599453,0.9,0.9
0.6931471805599453,0.4782009475330728,0.03262489835201836,0.7295782295095063,0.03658966236936412,0.0,20000,0.5,0.6931471805599453,0.9,0.9
0.6931471805599453,0.43457361099779734,0.03261338031864279,0.6629035743273439,0.03649111481044257,0.0,20000,0.5,0.6931471805599453,0.9,0.9
0.6931471805599453,0.43626952729627605,0.03232589538388929,0.6552432631124313,0.03584952420503582,0.0,20000,0.5,0.6931471805599453,0.9,0.9
0.6931471805599453,0.4778768928555079,0.032747161040591846,0.7339555137035912,0.0368727107502507,0.0,20000,0.5,0.6931471805599453,0.9,0.9
0.6931471805599453,0.5081046803784636,0.03275046261436593,0.7793847043619422,0.03693199529582527,0.0,20000,0.5,0.6931471805599453,0.9,0.9
0.6931471805599453,0.533511944408632,0.03269510864120348,0.8154696378664932,0.03684943186765926,0.0,20000,0.5,0.6931471805599453,0.9,0.9
0.6931471805599453,0.40824364770629906,0.03243503988741316,0.6169774967214898,0.03605207768140935,0.0,20000,0.5,0.6931471805599453,0.9,0.9
0.6931471805599453,0.450337489769652,0.03266209206295246,0.6883521801105474,0.03662598708294412,0.0,20000,0.5,0.6931471805599453,0.9,0.9
0.6931471805599453,0.5234290965604901,0.032909016722415065,0.8102813168120999,0.03734316000516965,0.0,20000,0.5,0.6931471805599453,0.9,0.9
0.6931471805599453,0.4397177910449452,0.03287689909014014,0.6807179147210417,0.03710774156254113,0.0,20000,0.5,0.6931471805599453,0.9,0.9
0.6931471805599453,0.5064060687037605,0.032782266215585984,0.7786501809500264,0.03700668988026027,0.0,20000,0.5,0.6931471805599453,0.9,0.9
0.6931471805599453,0.44515386995509837,0.032434573168868365,0.6727937473589118,0.03610512592144713,0.0,20000,0.5,0.6931471805599453,0.9,0.9
0.6931471805599453,0.4552067507482948,0.032575826530279926,0.693326071932148,0.036440284269610594,0.0,20000,0.5,0.6931471805599453,0.9,0.9
0.6931471805599453,0.400448523028318,0.03238914342821597,0.6039289347077517,0.035941046390370275,0.0,20000,0.5,0.6931471805599453,0.9,0.9
0.6931471805599453,0.45725652620750984,0.03264446857614312,0.6983806594149156,0.03659844949837902,0.0,20000,0.5,0.6931471805599453,0.9,0.9
0.6931471805599453,0.476740687956708,0.03250113377802252,0.7220008212346489,0.0363015103434056,0.0,20000,0.5,0.6931471805599453,0.9,0.9
0.6931471805599453,0.47713528895486346,0.032587246701953426,0.7255822901596038,0.0364961778972851,0.0,20000,0.5,0.6931471805599453,0.9,0.9
0.6931471805599453,0.45534484126517416,0.032575958151436143,0.6931557948740632,0.03643999639332027,0.0,20000,0.5,0.6931471805599453,0.9,0.9
0.6931471805599453,0.4640743393663204,0.0327226766605038,0.7119922332949599,0.03679159024942236,0.0,20000,0.5,0.6931471805599453,0.9,0.9
0.6931471805599453,0.4476685036581185,0.03275274867847909,0.6889472630395669,0.03683533323683684,0.0,20000,0.5,0.6931471805599453,0.9,0.9
0.6931471805599453,0.48536756988798146,0.032571916281359706,0.7381553801587072,0.03647919543385405,0.0,20000,0.5,0.6931471805599453,0.9,0.9
0.6931471805599453,0.4868898005103795,0.032575860053817005,0.7412147592738565,0.03649159777084602,0.0,20000,0.5,0.6931471805599453,0.9,0.9
0.6931471805599453,0.44290364104822544,0.03255737644401932,0.6739559359472643,0.03637901711512701,0.0,20000,0.5,0.6931471805599453,0.9,0.9
0.6931471805599453,0.4007635626416883,0.032342031202349714,0.6033021344320622,0.035838758638506704,0.0,20000,0.5,0.6931471805599453,0.9,0.9
0.6931471805599453,0.5026348890574903,0.032614925326044826,0.7659347098103225,0.036607988405105304,0.0,20000,0.5,0.6931471805599453,0.9,0.9
0.6931471805599453,0.4234352854336838,0.03240074733969085,0.6391618944796728,0.03599877529781192,0.0,20000,0.5,0.6931471805599453,0.9,0.9
0.6931471805599453,0.34777553488526197,0.03237832037353801,0.5252547848800774,0.03585277473674403,0.0,20000,0.5,0.6931471805599453,0.9,0.9
0.6931471805599453,0.4243169738980316,0.0324975544867994,0.6427149304468267,0.03620969508003133,0.0,20000,0.5,0.6931471805599453,0.9,0.9
0.6931471805599453,0.42561230208656947,0.03245252524660759,0.6447052483237962,0.036115265254147086,0.0,20000,0.5,0.6931471805599453,0.9,0.9
0.6931471805599453,0.5040641082387276,0.03271687505209942,0.7719697939576213,0.03684649619591601,0.0,20000,0.5,0.6931471805599453,0.9,0.9
0.6931471805599453,0.4449070664191135,0.03244188698772746,0.673045198429536,0.036120608108298854,0.0,20000,0.5,0.6931471805599453,0.9,0.9
0.6931471805599453,0.48130130703185464,0.032623034319862,0.7339676090045676,0.03658970853406229,0.0,20000,0.5,0.6931471805599453,0.9,0.9
0.6931471805599453,0.43605027054687134,0.032447695819524155,0.6591271774977633,0.03611967675360018,0.0,20000,0.5,0.6931471805599453,0.9,0.9
0.6931471805599453,0.44473967040184625,0.032714177289145704,0.6824275720939612,0.03674005143108307,0.0,20000,0.5,0.6931471805599453,0.9,0.9
0.6931471805599453,0.4963448619620702,0.032349858423891736,0.7454749585033486,0.03598997995225424,0.0,20000,0.5,0.6931471805599453,0.9,0.9
0.6931471805599453,0.4504876638567307,0.03240213480934368,0.6793179620935919,0.03603968119249159,0.0,20000,0.5,0.6931471805599453,0.9,0.9
0.6931471805599453,0.45494804234880826,0.03287100496739401,0.704115688165844,0.03712269409599496,0.0,20000,0.5,0.6931471805599453,0.9,0.9
0.6931471805599453,0.48220162911364584,0.03271369336482158,0.7387374010757914,0.03679995826260222,0.0,20000,0.5,0.6931471805599453,0.9,0.9
0.6931471805599453,0.4681219540064392,0.032647101425259444,0.7143814926486713,0.0366188206391603,0.0,20000,0.5,0.6931471805599453,0.9,0.9
0.6931471805599453,0.39579479224073805,0.03261810125694259,0.6050050954649079,0.036446515222595545,0.0,20000,0.5,0.6931471805599453,0.9,0.9
0.6931471805599453,0.4694681372881913,0.03253187724391514,0.7123272944987383,0.03636014368924237,0.0,20000,0.5,0.6931471805599453,0.9,0.9
0.6931471805599453,0.4253533131848884,0.03253731377703958,0.6464191019728198,0.03630605657495446,0.0,20000,0.5,0.6931471805599453,0.9,0.9
0.6931471805599453,0.3805211944478973,0.03157951820376596,0.7269704753879928,0.03723526126398317,0.0,20000,0.5,0.6931471805599453,0.85,0.85
0.6931471805599453,0.301819389995092,0.031145873798193675,0.5520600769079695,0.0355914312266798,0.0,20000,0.5,0.6931471805599453,0.85,0.85
0.6931471805599453,0.4398961298679766,0.03153074451743386,0.8368357109544284,0.03725179166949377,0.0,20000,0.5,0.6931471805599453,0.85,0.85
0.6931471805599453,0.38123370800801326,0.03143277363260862,0.7183250188839433,0.036722837687953036,0.0,20000,0.5,0.6931471805599453,0.85,0.85
0.6931471805599453,0.38319642970358536,0.031406066052707404,0.7175896492370595,0.036628669012296194,0.0,20000,0.5,0.6931471805599453,0.85,0.85
0.6931471805599453,0.3490581063921936,0.031240513156978383,0.6438944057881578,0.03599426818612477,0.0,20000,0.5,0.6931471805599453,0.85,0.85
0.6931471805599453,0.37164984524690764,0.031408750689484635,0.697732751534969,0.036615720094901355,0.0,20000,0.5,0.6931471805599453,0.85,0.85
0.6931471805599453,0.3582411383512595,0.031251203655081924,0.6612631338049353,0.03605008329900985,0.0,20000,0.5,0.6931471805599453,0.85,0.85
0.6931471805599453,0.3672988718719329,0.031163491828378576,0.6720359838660196,0.03578261005588822,0.0,20000,0.5,0.6931471805599453,0.85,0.85
0.6931471805599453,0.3518995703388703,0.0313184966786244,0.6544853842601516,0.03625946280124732,0.0,20000,0.5,0.6931471805599453,0.85,0.85
0.6931471805599453,0.3569086984003679,0.03146691825291595,0.6747707075950833,0.03677696686996627,0.0,20000,0.5,0.6931471805599453,0.85,0.85
0.6931471805599453,0.3901124846526018,0.03137453824773928,0.7280411369333712,0.03653998576592897,0.0,20000,0.5,0.6931471805599453,0.85,0.85
0.6931471805599453,0.3565327130857808,0.03148753085971324,0.6756899000052387,0.036847294161582965,0.0,20000,0.5,0.6931471805599453,0.85,0.85
0.6931471805599453,0.32253288381666945,0.031168330244168933,0.5911015158016952,0.03570308962028268,0.0,20000,0.5,0.6931471805599453,0.85,0.85
0.6931471805599453,0.3527645302541832,0.031271549459133026,0.6529773575829566,0.03610549657150716,0.0,20000,0.5,0.6931471805599453,0.85,0.85
0.6931471805599453,0.4352625882727174,0.03136761374832434,0.8127279432489419,0.03665164772718086,0.0,20000,0.5,0.6931471805599453,0.85,0.85
0.6931471805599453,0.34424368102347247,0.031272445352384284,0.6368834331476888,0.036087003631741256,0.0,20000,0.5,0.6931471805599453,0.85,0.85
0.6931471805599453,0.35385851098164695,0.03129979632841848,0.6574255652392333,0.03620063465871082,0.0,20000,0.5,0.6931471805599453,0.85,0.85
0.6931471805599453,0.40276667608982775,0.031262700549657414,0.7420161434625545,0.0361877495448857,0.0,20000,0.5,0.6931471805599453,0.85,0.85
0.6931471805599453,0.3823848802976277,0.03137974383863517,0.7155671872318944,0.036544966720083574,0.0,20000,0.5,0.6931471805599453,0.85,0.85
0.6931471805599453,0.3451863902970562,0.031428515763899344,0.6492170439564627,0.03661075464915717,0.0,20000,0.5,0.6931471805599453,0.85,0.85
0.6931471805599453,0.3640480803274344,0.031309991950947184,0.6750769437834705,0.036252383365213164,0.0,20000,0.5,0.6931471805599453,0.85,0.85
0.6931471805599453,0.37159227114104787,0.03141548476480812,0.6982526572922034,0.03663896374870991,0.0,20000,0.5,0.6931471805599453,0.85,0.85
0.6931471805599453,0.32366287400615484,0.03138212544829136,0.6052279057823057,0.03639372221187417,0.0,20000,0.5,0.6931471805599453,0.85,0.85
0.6931471805599453,0.37072772762584194,0.03140421950016093,0.6943948651189317,0.03658932432585414,0.0,20000,0.5,0.6931471805599453,0.85,0.85
0.6931471805599453,0.3629383376143192,0.03146446760235187,0.6847480783261082,0.036778796887141425,0.0,20000,0.5,0.6931471805599453,0.85,0.85
0.6931471805599453,0.34263288715107004,0.031209759777199704,0.6300084921803064,0.03587907312325335,0.0,20000,0.5,0.6931471805599453,0.85,0.85
0.6931471805599453,0.44511008947531255,0.03140509349574977,0.8329257462485455,0.03681162051065767,0.0,20000,0.5,0.6931471805599453,0.85,0.85
0.6931471805599453,0.3638207934671302,0.03136762986291664,0.6802374747263255,0.036454942688709954,0.0,20000,0.5,0.6931471805599453,0.85,0.85
0.6931471805599453,0.39829203808674923,0.03131104941072531,0.738052349832739,0.03634403075689608,0.0,20000,0.5,0.6931471805599453,0.85,0.85
0.6931471805599453,0.40420875009164253,0.031504739044982556,0.7656954259647294,0.0370427171603531,0.0,20000,0.5,0.6931471805599453,0.85,0.85
0.6931471805599453,0.4339994567001115,0.031705994442184054,0.8409638315450688,0.03788694634396526,0.0,20000,0.5,0.6931471805599453,0.85,0.85
0.6931471805599453,0.3804662983821149,0.03139700418824637,0.713004213910328,0.03659831444957019,0.0,20000,0.5,0.6931471805599453,0.85,0.85
0.6931471805599453,0.3730741113127416,0.031450869042456905,0.7032140256732513,0.03676343630811665,0.0,20000,0.5,0.6931471805599453,0.85,0.85
0.6931471805599453,0.3466883588062215,0.031396088120699266,0.6506701168819349,0.03650819020570213,0.0,20000,0.5,0.6931471805599453,0.85,0.85
0.6931471805599453,0.38431330258872903,0.03146282603148619,0.7247362249838936,0.03683402226518043,0.0,20000,0.5,0.6931471805599453,0.85,0.85
0.6931471805599453,0.3747708017319681,0.03141857702113778,0.7033949935022987,0.036653055672340555,0.0,20000,0.5,0.6931471805599453,0.85,0.85
0.6931471805599453,0.3910437547051644,0.03133773000286364,0.7274196611402826,0.03642040569424289,0.0,20000,0.5,0.6931471805599453,0.85,0.85
0.6931471805599453,0.36704839990330107,0.03150813273903233,0.6974966251910328,0.03694686141686659,0.0,20000,0.5,0.6931471805599453,0.85,0.85
0.6931471805599453,0.40960885060131846,0.03129790558843231,0.7585895442526776,0.03633502668347142,0.0,20000,0.5,0.6931471805599453,0.85,0.85
0.6931471805599453,0.36210375671121686,0.03147899275726504,0.6849248523036483,0.036831323337034406,0.0,20000,0.5,0.6931471805599453,0.85,0.85
0.6931471805599453,0.39330829501706593,0.03143883951242791,0.7396677732181342,0.03677642178233125,0.0,20000,0.5,0.6931471805599453,0.85,0.85
0.6931471805599453,0.3622976930918334,0.0313078724337649,0.6721633179946827,0.03624505248031033,0.0,20000,0.5,0.6931471805599453,0.85,0.85
0.6931471805599453,0.31762814069518264,0.031344599215909125,0.5931500520585345,0.036267095373174976,0.0,20000,0.5,0.6931471805599453,0.85,0.85
0.6931471805599453,0.34332982407467,0.03143067913667058,0.6466524118999314,0.036617183112268935,0.0,20000,0.5,0.6931471805599453,0.85,0.85
0.6931471805599453,0.36650466808113846,0.03144473818177636,0.6905793681465812,0.0367247932001822,0.0,20000,0.5,0.6931471805599453,0.85,0.85
0.6931471805599453,0.3406545672193653,0.03136865124218084,0.6373815223691435,0.036400859421417645,0.0,20000,0.5,0.6931471805599453,0.85,0.85
0.6931471805599453,0.3869064457960219,0.031544036567510876,0.7366928441823594,0.03713153212598808,0.0,20000,0.5,0.6931471805599453,0.85,0.85
0.6931471805599453,0.3543282350360341,0.03140839318699907,0.6645250662448833,0.036563297809345474,0.0,20000,0.5,0.6931471805599453,0.85,0.85
0.6931471805599453,0.40012906054687836,0.031372702606906465,0.7471342377413096,0.036566497951836356,0.0,20000,0.5,0.6931471805599453,0.85,0.85
0.6931471805599453,0.3923001931142756,0.03135184928230932,0.7316771631093065,0.03647564081945945,0.0,20000,0.5,0.6931471805599453,0.85,0.85
0.6931471805599453,0.3395561475042289,0.03137818225414963,0.6360306558080302,0.03643025256983444,0.0,20000,0.5,0.6931471805599453,0.85,0.85
0.6931471805599453,0.3537425133120284,0.0312239715081858,0.6516770879546868,0.03595034735353469,0.0,20000,0.5,0.6931471805599453,0.85,0.85
0.6931471805599453,0.3795080027732047,0.031327619103378064,0.7053228817737114,0.03635519795519549,0.0,20000,0.5,0.6931471805599453,0.85,0.85
0.6931471805599453,0.36203114527456937,0.03153371654070704,0.6898404623500735,0.037023168768238274,0.0,20000,0.5,0.6931471805599453,0.85,0.85
0.6931471805599453,0.3688860898618123,0.03150629011929536,0.7000021408390612,0.03694642581171769,0.0,20000,0.5,0.6931471805599453,0.85,0.85
0.6931471805599453,0.3855281966663306,0.031329663471303545,0.7170424552927108,0.03638055957809719,0.0,20000,0.5,0.6931471805599453,0.85,0.85
0.6931471805599453,0.33983467863636224,0.031382697272736404,0.636935187307161,0.03644610213182392,0.0,20000,0.5,0.6931471805599453,0.85,0.85
0.6931471805599453,0.3911685915756577,0.03139511759474452,0.731276011514919,0.036610688184942286,0.0,20000,0.5,0.6931471805599453,0.85,0.85
0.6931471805599453,0.38442237197625123,0.03133717568587549,0.7159878378035385,0.03640447448345998,0.0,20000,0.5,0.6931471805599453,0.85,0.85
0.6931471805599453,0.3975950306419422,0.03126792027635488,0.7352391874476425,0.03620241575548588,0.0,20000,0.5,0.6931471805599453,0.85,0.85
0.6931471805599453,0.4136328976373775,0.03130532947489883,0.7663797445155062,0.03637042264253449,0.0,20000,0.5,0.6931471805599453,0.85,0.85
0.6931471805599453,0.37702718392122436,0.03142096158659546,0.7077735025451918,0.03666742120038689,0.0,20000,0.5,0.6931471805599453,0.85,0.85
0.6931471805599453,0.4113861833488131,0.03127087347816216,0.7596451961412226,0.036247273112018794,0.0,20000,0.5,0.6931471805599453,0.85,0.85
0.6931471805599453,0.39945156812005844,0.03153375860262644,0.759964100072376,0.03713478673502601,0.0,20000,0.5,0.6931471805599453,0.85,0.85
0.6931471805599453,0.36172248625590986,0.03131294577989677,0.6723222582431885,0.036264953129201805,0.0,20000,0.5,0.6931471805599453,0.85,0.85
0.6931471805599453,0.3517943099191968,0.03148395301231103,0.6648871671852131,0.03681163792144634,0.0,20000,0.5,0.6931471805599453,0.85,0.85
0.6931471805599453,0.353120946193229,0.031243730196167628,0.6521988069578237,0.03601223121974102,0.0,20000,0.5,0.6931471805599453,0.85,0.85
0.6931471805599453,0.4164190514412226,0.03140239514235262,0.7805922839224163,0.0367192410664069,0.0,20000,0.5,0.6931471805599453,0.85,0.85
0.6931471805599453,0.4397178568422831,0.031441995502817954,0.8261279805864249,0.03692626341410144,0.0,20000,0.5,0.6931471805599453,0.85,0.85
0.6931471805599453,0.36966000777756425,0.03132558036156723,0.6882079622108023,0.03632705384302854,0.0,20000,0.5,0.6931471805599453,0.85,0.85
0.6931471805599453,0.30712784977757834,0.03136946189722535,0.5743445204969714,0.03632122706823272,0.0,20000,0.5,0.6931471805599453,0.85,0.85
0.6931471805599453,0.3557401483414932,0.03135191282486888,0.6636527993875999,0.036379757036572424,0.0,20000,0.5,0.6931471805599453,0.85,0.85
0.6931471805599453,0.4190441372328174,0.03158983441950049,0.8012957353609964,0.03739911820258365,0.0,20000,0.5,0.6931471805599453,0.85,0.85
0.6931471805599453,0.3663494412569674,0.03131951601694478,0.6805432775963706,0.03629478423647921,0.0,20000,0.5,0.6931471805599453,0.85,0.85
0.6931471805599453,0.388065087227738,0.031469167961109185,0.7325729908041093,0.036869078826307175,0.0,20000,0.5,0.6931471805599453,0.85,0.85
0.6931471805599453,0.3595315724662677,0.031582220840396746,0.6873786772863419,0.037181775454312796,0.0,20000,0.5,0.6931471805599453,0.85,0.85
0.6931471805599453,0.3564207385940615,0.03137062799786658,0.6657632645507396,0.03644115471380028,0.0,20000,0.5,0.6931471805599453,0.85,0.85
0.6931471805599453,0.37944537064230777,0.031472714151976375,0.7168271160057351,0.03685733821106654,0.0,20000,0.5,0.6931471805599453,0.85,0.85
0.6931471805599453,0.3524967120126671,0.03135101982108531,0.6581855036682142,0.03637043020577468,0.0,20000,0.5,0.6931471805599453,0.85,0.85
0.6931471805599453,0.36784321342187964,0.03152818446054479,0.6982524625188072,0.0370092157438709,0.0,20000,0.5,0.6931471805599453,0.85,0.85
0.6931471805599453,0.3177160914391954,0.031543160816668345,0.6058921026266929,0.036935388745026144,0.0,20000,0.5,0.6931471805599453,0.85,0.85
0.6931471805599453,0.3710870896796661,0.03131284718470227,0.6899291628964169,0.036287516783679793,0.0,20000,0.5,0.6931471805599453,0.85,0.85
0.6931471805599453,0.34095504740958893,0.031112439788508868,0.620584063049737,0.03556118963170054,0.0,20000,0.5,0.6931471805599453,0.85,0.85
0.6931471805599453,0.36632330637782695,0.031316601879053815,0.679953570347466,0.03628223655891794,0.0,20000,0.5,0.6931471805599453,0.85,0.85
0.6931471805599453,0.3642895787931975,0.0312616130465614,0.6732498105227542,0.03609939802483439,0.0,20000,0.5,0.6931471805599453,0.85,0.85
0.6931471805599453,0.34791106051225196,0.03131048794680311,0.6454270112378767,0.03621478681269756,0.0,20000,0.5,0.6931471805599453,0.85,0.85
0.6931471805599453,0.37135726510164885,0.03142596698793044,0.6984070930888948,0.03667395987563424,0.0,20000,0.5,0.6931471805599453,0.85,0.85
0.6931471805599453,0.33585306924312924,0.031238761761826685,0.6188823461865952,0.035954668470574325,0.0,20000,0.5,0.6931471805599453,0.85,0.85
0.6931471805599453,0.3598515260285599,0.03139381390628081,0.674724993707965,0.03653374178959663,0.0,20000,0.5,0.6931471805599453,0.85,0.85
0.6931471805599453,0.34486559889352114,0.031399930067745954,0.6460375429403115,0.036507637162483376,0.0,20000,0.5,0.6931471805599453,0.85,0.85
0.6931471805599453,0.3839943575396735,0.031304332640748805,0.7124340610488801,0.0362911163761688,0.0,20000,0.5,0.6931471805599453,0.85,0.85
0.6931471805599453,0.4552805806022892,0.031514921260113384,0.8594096733409343,0.037220738119534545,0.0,20000,0.5,0.6931471805599453,0.85,0.85
0.6931471805599453,0.33830203802415987,0.03150071502947734,0.6400747003489146,0.03682466374111662,0.0,20000,0.5,0.6931471805599453,0.85,0.85
0.6931471805599453,0.4025838752075278,0.0314815154128894,0.7606735139593775,0.03695504376449227,0.0,20000,0.5,0.6931471805599453,0.85,0.85
0.6931471805599453,0.3587826669787418,0.03129329289673838,0.6658817443033912,0.03619156827021993,0.0,20000,0.5,0.6931471805599453,0.85,0.85
0.6931471805599453,0.34356927670370974,0.03126671287043809,0.6358983785094323,0.03606828065541497,0.0,20000,0.5,0.6931471805599453,0.85,0.85
0.6931471805599453,0.3626415950506823,0.03141551415943014,0.6818394221579628,0.036615278620029584,0.0,20000,0.5,0.6931471805599453,0.85,0.85
0.6931471805599453,0.4176139538627627,0.03144648763798875,0.7859452112042222,0.036877006995771545,0.0,20000,0.5,0.6931471805599453,0.85,0.85
0.6931471805599453,0.4056420417399919,0.03160700148052323,0.7778737705802279,0.0374192885801922,0.0,20000,0.5,0.6931471805599453,0.85,0.85
0.6931471805599453,0.38230879240176013,0.031388242092970704,0.71464812657704,0.03656566099116356,0.0,20000,0.5,0.6931471805599453,0.85,0.85
0.6931471805599453,0.39255891185522435,0.031497150840991035,0.7440178398181347,0.03698356149394088,0.0,20000,0.5,0.6931471805599453,0.85,0.85
0.6931471805599453,0.33760522309390856,0.031281725325022006,0.6245248316536707,0.036095387588460995,0.0,20000,0.5,0.6931471805599453,0.85,0.85
0.6931471805599453,0.3481422481898994,0.031386060433214964,0.6520415287394442,0.03647637698288122,0.0,20000,0.5,0.6931471805599453,0.85,0.85
0.6931471805599453,0.2965118931540192,0.03128425784654654,0.5496650448865364,0.03602088892860669,0.0,20000,0.5,0.6931471805599453,0.85,0.85
0.6931471805599453,0.3906002317805562,0.031481138667857546,0.7391698862546259,0.03692123375324167,0.0,20000,0.5,0.6931471805599453,0.85,0.85
0.6931471805599453,0.3177854148056415,0.03151138608111211,0.6028869691410192,0.036817129212349836,0.0,20000,0.5,0.6931471805599453,0.85,0.85
0.6931471805599453,0.3633668776931328,0.03147419600792338,0.6869061167134195,0.036818024047516607,0.0,20000,0.5,0.6931471805599453,0.85,0.85
0.6931471805599453,0.34802972864911025,0.031307285180354104,0.6464375848758892,0.03621236246422798,0.0,20000,0.5,0.6931471805599453,0.85,0.85
0.6931471805599453,0.3555499780388885,0.03133527265149226,0.6627847152209624,0.03632485070248948,0.0,20000,0.5,0.6931471805599453,0.85,0.85
0.6931471805599453,0.38767713294408807,0.03145071727498931,0.7308761418658336,0.036805487271566344,0.0,20000,0.5,0.6931471805599453,0.85,0.85
0.6931471805599453,0.39845422337241,0.03159014587091329,0.7623535858821036,0.03733300235259284,0.0,20000,0.5,0.6931471805599453,0.85,0.85
0.6931471805599453,0.39550621880215153,0.0314215998257399,0.7414182564854316,0.03671466978299691,0.0,20000,0.5,0.6931471805599453,0.85,0.85
0.6931471805599453,0.3466687121006453,0.03140361985054701,0.651346055102942,0.03653315789573709,0.0,20000,0.5,0.6931471805599453,0.85,0.85
0.6931471805599453,0.3248263628723554,0.03133455236587003,0.6046968849315716,0.036243240612371455,0.0,20000,0.5,0.6931471805599453,0.85,0.85
0.6931471805599453,0.3168737625585594,0.03134758034763018,0.5910856987084181,0.03627100371405956,0.0,20000,0.5,0.6931471805599453,0.85,0.85
0.6931471805599453,0.3258300603505884,0.031458206771247985,0.6156624384261513,0.036666641382129515,0.0,20000,0.5,0.6931471805599453,0.85,0.85
0.6931471805599453,0.3512720131886734,0.031387917595271146,0.657351665399634,0.036485754382071106,0.0,20000,0.5,0.6931471805599453,0.85,0.85
0.6931471805599453,0.3507483978616692,0.03128938982596604,0.6499525484078976,0.036157964519782086,0.0,20000,0.5,0.6931471805599453,0.85,0.85
0.6931471805599453,0.30749755152722646,0.031248922462190888,0.568252062781335,0.035932228056280574,0.0,20000,0.5,0.6931471805599453,0.85,0.85
0.6931471805599453,0.38352876220446075,0.03137242237039998,0.71676199900504,0.03652195829525198,0.0,20000,0.5,0.6931471805599453,0.85,0.85
0.6931471805599453,0.3507195917051982,0.03153321512699828,0.6680617323402888,0.03699017387441719,0.0,20000,0.5,0.6931471805599453,0.85,0.85
0.6931471805599453,0.390715322883421,0.03149551322288995,0.7402160090782071,0.03697192213032351,0.0,20000,0.5,0.6931471805599453,0.85,0.85
0.6931471805599453,0.3535778919761101,0.03134109390375171,0.659133689432003,0.03633914176623214,0.0,20000,0.5,0.6931471805599453,0.85,0.85
0.6931471805599453,0.3342186181544676,0.03121674188079822,0.615250099533262,0.03588395043488166,0.0,20000,0.5,0.6931471805599453,0.85,0.85
0.6931471805599453,0.3386119082447135,0.03124248577206791,0.6245775712065962,0.03597598923725796,0.0,20000,0.5,0.6931471805599453,0.85,0.85
0.6931471805599453,0.32709015377896183,0.031258347276978536,0.603630554261008,0.035994223894987375,0.0,20000,0.5,0.6931471805599453,0.85,0.85
0.6931471805599453,0.33831938372475995,0.031336325033051206,0.6299025264618576,0.036281976812485975,0.0,20000,0.5,0.6931471805599453,0.85,0.85
0.6931471805599453,0.37748542098200255,0.0314565676286614,0.7120502790919265,0.03679624774802307,0.0,20000,0.5,0.6931471805599453,0.85,0.85
0.6931471805599453,0.36236411707174326,0.03134228979259507,0.6752542249383944,0.036364076039859645,0.0,20000,0.5,0.6931471805599453,0.85,0.85
0.6931471805599453,0.3127539806278509,0.03145565344735687,0.5903602895048871,0.03662233708144459,0.0,20000,0.5,0.6931471805599453,0.85,0.85
0.6931471805599453,0.3037855763878429,0.03126202506435916,0.5620692732757231,0.0359663629693677,0.0,20000,0.5,0.6931471805599453,0.85,0.85
0.6931471805599453,0.4384309176923984,0.031544074326233365,0.8320564122581039,0.03728495683535648,0.0,20000,0.5,0.6931471805599453,0.85,0.85
0.6931471805599453,0.3936174891502614,0.03114147653997603,0.718586759721766,0.03576654752024427,0.0,20000,0.5,0.6931471805599453,0.85,0.85
0.6931471805599453,0.3732499872507938,0.03142022260676463,0.7021135129448383,0.03665945147125278,0.0,20000,0.5,0.6931471805599453,0.85,0.85
0.6931471805599453,0.34700702303772957,0.03139427279116922,0.6509338415163206,0.036502830860864637,0.0,20000,0.5,0.6931471805599453,0.85,0.85
0.6931471805599453,0.3946053947628714,0.03148634680341578,0.7463473365875001,0.036949456650101124,0.0,20000,0.5,0.6931471805599453,0.85,0.85
0.6931471805599453,0.3993444327242316,0.031213399091199502,0.7331568013514498,0.03602199519119773,0.0,20000,0.5,0.6931471805599453,0.85,0.85
0.6931471805599453,0.32068522085568124,0.03129668709326237,0.5952932141418735,0.03611487932923201,0.0,20000,0.5,0.6931471805599453,0.85,0.85
0.6931471805599453,0.4163787742257834,0.03127965389808941,0.7701624927949989,0.03629237332158629,0.0,20000,0.5,0.6931471805599453,0.85,0.85
0.6931471805599453,0.4641391532790102,0.03135048453991821,0.8628693760419052,0.03667449494384665,0.0,20000,0.5,0.6931471805599453,0.85,0.85
0.6931471805599453,0.38996757937971127,0.03129727061984012,0.723162464142323,0.03628307242627044,0.0,20000,0.5,0.6931471805599453,0.85,0.85
0.6931471805599453,0.45757435862874424,0.03150035688024525,0.8639816149622409,0.03719079635140171,0.0,20000,0.5,0.6931471805599453,0.85,0.85
0.6931471805599453,0.3798047314632514,0.031272930324075916,0.7015660734901804,0.036169962194981205,0.0,20000,0.5,0.6931471805599453,0.85,0.85
0.6931471805599453,0.3693081925716902,0.03130075138788833,0.6843884370404718,0.03623731131204133,0.0,20000,0.5,0.6931471805599453,0.85,0.85
0.6931471805599453,0.3565478358223622,0.03130148819261408,0.661915506640693,0.03621393753553442,0.0,20000,0.5,0.6931471805599453,0.85,0.85
0.6931471805599453,0.36618270649245344,0.03132508201911562,0.681441229444037,0.03631683203022261,0.0,20000,0.5,0.6931471805599453,0.85,0.85
0.6931471805599453,0.3721284083155506,0.031407842618757856,0.6992215770690293,0.036613078448546596,0.0,20000,0.5,0.6931471805599453,0.85,0.85
0.6931471805599453,0.3765485361368389,0.031686872602476907,0.7285631745177599,0.037612966919359135,0.0,20000,0.5,0.6931471805599453,0.85,0.85
0.6931471805599453,0.3945005022318457,0.03137501097835635,0.7381322858101682,0.03656085125768278,0.0,20000,0.5,0.6931471805599453,0.85,0.85
0.6931471805599453,0.31558248181634957,0.03044510321429947,0.730386216077466,0.036599223541816675,0.0,20000,0.5,0.6931471805599453,0.8,0.8
0.6931471805599453,0.2996519501625982,0.03042458902388789,0.690703048087712,0.03643033023950365,0.0,20000,0.5,0.6931471805599453,0.8,0.8
0.6931471805599453,0.3600917357284256,0.03047886586477919,0.8371198412804361,0.036974054755441244,0.0,20000,0.5,0.6931471805599453,0.8,0.8
0.6931471805599453,0.31633148007445727,0.03048391263121591,0.7368924970894417,0.03680597411133996,0.0,20000,0.5,0.6931471805599453,0.8,0.8
0.6931471805599453,0.3291680306968551,0.030435773433458026,0.7602575901930466,0.036605819774408355,0.0,20000,0.5,0.6931471805599453,0.8,0.8
0.6931471805599453,0.3510520488610994,0.030490254018115736,0.8188075999822987,0.03699630407313091,0.0,20000,0.5,0.6931471805599453,0.8,0.8
0.6931471805599453,0.28668370915582037,0.030235273083758837,0.6376795123415363,0.035448165924558635,0.0,20000,0.5,0.6931471805599453,0.8,0.8
0.6931471805599453,0.2686993637226363,0.030364394223730024,0.6126360732438179,0.0360189462568922,0.0,20000,0.5,0.6931471805599453,0.8,0.8
0.6931471805599453,0.33714312988105494,0.030465970381818332,0.7820433587042045,0.03679854628986925,0.0,20000,0.5,0.6931471805599453,0.8,0.8
0.6931471805599453,0.2640597514729524,0.030373345783339258,0.6036203545231896,0.03604727598462596,0.0,20000,0.5,0.6931471805599453,0.8,0.8
0.6931471805599453,0.33991531650896434,0.03057956070234844,0.8071065735032509,0.0374398117233857,0.0,20000,0.5,0.6931471805599453,0.8,0.8
0.6931471805599453,0.3024596733250779,0.030233131705004735,0.6724419846789533,0.035486792781864764,0.0,20000,0.5,0.6931471805599453,0.8,0.8
0.6931471805599453,0.27658031190764876,0.030517857323959494,0.6500505036227378,0.03682254385971453,0.0,20000,0.5,0.6931471805599453,0.8,0.8
0.6931471805599453,0.2888992639299378,0.03045636152746038,0.6690440795412822,0.036545508198886384,0.0,20000,0.5,0.6931471805599453,0.8,0.8
0.6931471805599453,0.3079483855547107,0.030576635545163967,0.7303592335757553,0.03726704293667879,0.0,20000,0.5,0.6931471805599453,0.8,0.8
0.6931471805599453,0.283286289680071,0.030328623199528715,0.64079230157677,0.035886946572339755,0.0,20000,0.5,0.6931471805599453,0.8,0.8
0.6931471805599453,0.2568111057169723,0.030344180596670038,0.5828887835756789,0.03587865112867979,0.0,20000,0.5,0.6931471805599453,0.8,0.8
0.6931471805599453,0.3158814603473009,0.030342472004230642,0.716138611423701,0.036070568869404726,0.0,20000,0.5,0.6931471805599453,0.8,0.8
0.6931471805599453,0.31546647906725545,0.030375029761972212,0.7196695724614517,0.03623476085151298,0.0,20000,0.5,0.6931471805599453,0.8,0.8
0.6931471805599453,0.2638978968099334,0.030421205298258727,0.608378426216084,0.03628520793663841,0.0,20000,0.5,0.6931471805599453,0.8,0.8
0.6931471805599453,0.32602951744575853,0.03030677646824089,0.7333457518522701,0.035922808166251624,0.0,20000,0.5,0.6931471805599453,0.8,0.8
0.6931471805599453,0.29479140267671267,0.030381248382960233,0.6732012874527432,0.036187538131028506,0.0,20000,0.5,0.6931471805599453,0.8,0.8
0.6931471805599453,0.3127625169394515,0.030342451338894613,0.70953444928838,0.03606058276228511,0.0,20000,0.5,0.6931471805599453,0.8,0.8
0.6931471805599453,0.3321123712546579,0.030485917084685576,0.7736941873194348,0.036885042794096254,0.0,20000,0.5,0.6931471805599453,0.8,0.8
0.6931471805599453,0.3173008280183513,0.030458520409619952,0.7351501779745355,0.036673433241095905,0.0,20000,0.5,0.6931471805599453,0.8,0.8
0.6931471805599453,0.2804750230848859,0.030534272385925834,0.6598665750468191,0.036921236165583134,0.0,20000,0.5,0.6931471805599453,0.8,0.8
0.6931471805599453,0.2908290244785018,0.030437540970629156,0.6719956537125648,0.03646311553885682,0.0,20000,0.5,0.6931471805599453,0.8,0.8
0.6931471805599453,0.29904464221686056,0.030399375300953806,0.6854650244744737,0.03629675285961814,0.0,20000,0.5,0.6931471805599453,0.8,0.8
0.6931471805599453,0.30070179062907376,0.03029768141044387,0.6765540738805536,0.035795501091184595,0.0,20000,0.5,0.6931471805599453,0.8,0.8
0.6931471805599453,0.3061506257982174,0.030503726390368687,0.7163426122678115,0.03686949274515166,0.0,20000,0.5,0.6931471805599453,0.8,0.8
0.6931471805599453,0.3196722247686919,0.030555779015301925,0.7545111508017065,0.03720393113235309,0.0,20000,0.5,0.6931471805599453,0.8,0.8
0.6931471805599453,0.27002768855582304,0.03037021353498657,0.6166684739100382,0.036052058766563776,0.0,20000,0.5,0.6931471805599453,0.8,0.8
0.6931471805599453,0.3098860710087307,0.030488269794242014,0.723506632979137,0.03680283222689829,0.0,20000,0.5,0.6931471805599453,0.8,0.8
0.6931471805599453,0.28709256708253367,0.030439813301345982,0.6635536854484818,0.03646013773183842,0.0,20000,0.5,0.6931471805599453,0.8,0.8
0.6931471805599453,0.2418513726457234,0.030365662560536993,0.5518976180800262,0.03594246680899003,0.0,20000,0.5,0.6931471805599453,0.8,0.8
0.6931471805599453,0.35001449866847967,0.030467321404540032,0.8115810605250291,0.03686157817927456,0.0,20000,0.5,0.6931471805599453,0.8,0.8
0.6931471805599453,0.36293745032735597,0.030483045914430525,0.843471670280806,0.03700516826870094,0.0,20000,0.5,0.6931471805599453,0.8,0.8
0.6931471805599453,0.31104011593611725,0.030353072631976678,0.7047798854460869,0.03608817371114943,0.0,20000,0.5,0.6931471805599453,0.8,0.8
0.6931471805599453,0.2874712923234076,0.030435822322258065,0.663603912129433,0.03643907502927675,0.0,20000,0.5,0.6931471805599453,0.8,0.8
0.6931471805599453,0.28127847419260177,0.030289075700669504,0.632148357739947,0.035691089064259954,0.0,20000,0.5,0.6931471805599453,0.8,0.8
0.6931471805599453,0.2788015847350425,0.030517685198167183,0.6535207896689501,0.036824610405316004,0.0,20000,0.5,0.6931471805599453,0.8,0.8
0.6931471805599453,0.306187658700658,0.03056370880418874,0.7240108988081436,0.037185946946838126,0.0,20000,0.5,0.6931471805599453,0.8,0.8
0.6931471805599453,0.35645663569211805,0.030342893170920076,0.8090489096490211,0.03621989098666168,0.0,20000,0.5,0.6931471805599453,0.8,0.8
0.6931471805599453,0.3152839780735429,0.030516509609169497,0.7361061380021225,0.03694291913105184,0.0,20000,0.5,0.6931471805599453,0.8,0.8
0.6931471805599453,0.3022091335866794,0.030361874257712786,0.688801374142635,0.03611938070474299,0.0,20000,0.5,0.6931471805599453,0.8,0.8
0.6931471805599453,0.33831542587139146,0.03034309500374007,0.7674313346525085,0.03615896926743941,0.0,20000,0.5,0.6931471805599453,0.8,0.8
0.6931471805599453,0.3066015209954819,0.030443758684358946,0.7075659033813652,0.03654400776259136,0.0,20000,0.5,0.6931471805599453,0.8,0.8
0.6931471805599453,0.2899168904565257,0.030317725763225792,0.6552904314529389,0.03585863532213487,0.0,20000,0.5,0.6931471805599453,0.8,0.8
0.6931471805599453,0.2943829156947333,0.030620882730206977,0.7047841899268208,0.03744916863839325,0.0,20000,0.5,0.6931471805599453,0.8,0.8
0.6931471805599453,0.32885250543606076,0.030375076299661647,0.7477451331968109,0.03626595176982334,0.0,20000,0.5,0.6931471805599453,0.8,0.8
0.6931471805599453,0.3060388384779071,0.030519693374852414,0.7175462646489266,0.036949400180299095,0.0,20000,0.5,0.6931471805599453,0.8,0.8
0.6931471805599453,0.22794375526783597,0.030356840300037657,0.5198976624608257,0.0358576228021647,0.0,20000,0.5,0.6931471805599453,0.8,0.8
0.6931471805599453,0.26942875031161784,0.03033746693258686,0.6096875811409999,0.035874002112716255,0.0,20000,0.5,0.6931471805599453,0.8,0.8
0.6931471805599453,0.3008664968138775,0.03053057657595206,0.7079025454628024,0.036990651356616056,0.0,20000,0.5,0.6931471805599453,0.8,0.8
0.6931471805599453,0.36108721739434996,0.030532713376310625,0.8466871259430138,0.037266916551355084,0.0,20000,0.5,0.6931471805599453,0.8,0.8
0.6931471805599453,0.25342495866269493,0.030292669739168807,0.5697698028246424,0.03562131820192462,0.0,20000,0.5,0.6931471805599453,0.8,0.8
0.6931471805599453,0.2884176367747716,0.03033324842842333,0.652479119156624,0.03592281235071376,0.0,20000,0.5,0.6931471805599453,0.8,0.8
0.6931471805599453,0.2578694247229845,0.030318863948517044,0.5834069218627236,0.035763937080098625,0.0,20000,0.5,0.6931471805599453,0.8,0.8
0.6931471805599453,0.3003071560369249,0.030357562998849955,0.6829150273664512,0.036089995936477125,0.0,20000,0.5,0.6931471805599453,0.8,0.8
0.6931471805599453,0.35269703002288066,0.030453739664145687,0.8169711129770497,0.03680404627572073,0.0,20000,0.5,0.6931471805599453,0.8,0.8
0.6931471805599453,0.3092391198880346,0.03035938038423633,0.7024036805968676,0.036123416245627475,0.0,20000,0.5,0.6931471805599453,0.8,0.8
0.6931471805599453,0.2806860229005025,0.030259726556330687,0.6277334918229249,0.035548153625791605,0.0,20000,0.5,0.6931471805599453,0.8,0.8
0.6931471805599453,0.32511746611195813,0.030456656590902586,0.7532545640966817,0.036698444722474396,0.0,20000,0.5,0.6931471805599453,0.8,0.8
0.6931471805599453,0.27832854603611634,0.030420204276228213,0.6416409225316325,0.03632962990046832,0.0,20000,0.5,0.6931471805599453,0.8,0.8
0.6931471805599453,0.2822037267907543,0.03030861452043371,0.6365595271662422,0.035789043390872584,0.0,20000,0.5,0.6931471805599453,0.8,0.8
0.6931471805599453,0.29891471543350756,0.03041528427772631,0.6883650416427781,0.03637822589419363,0.0,20000,0.5,0.6931471805599453,0.8,0.8
0.6931471805599453,0.2680285609643277,0.030371259058219885,0.6120593600220422,0.036050932102331235,0.0,20000,0.5,0.6931471805599453,0.8,0.8
0.6931471805599453,0.3113821700954044,0.030435838493101525,0.7174386194045054,0.03652193132689052,0.0,20000,0.5,0.6931471805599453,0.8,0.8
0.6931471805599453,0.3201455023378962,0.03048549898598594,0.7459520053144325,0.036830696784631266,0.0,20000,0.5,0.6931471805599453,0.8,0.8
0.6931471805599453,0.3374840732881757,0.030429075221340026,0.7758429221770461,0.03659115914315921,0.0,20000,0.5,0.6931471805599453,0.8,0.8
0.6931471805599453,0.29587516315893014,0.030385338471698456,0.6764700263064416,0.03621420098361836,0.0,20000,0.5,0.6931471805599453,0.8,0.8
0.6931471805599453,0.32249915318525735,0.030444319191993415,0.74517715046957,0.03662081882508867,0.0,20000,0.5,0.6931471805599453,0.8,0.8
0.6931471805599453,0.3255349812898973,0.030473094406665284,0.7551666638070674,0.0367762151441171,0.0,20000,0.5,0.6931471805599453,0.8,0.8
0.6931471805599453,0.24930406052549625,0.030473125497787582,0.5803137598637593,0.036494911568969286,0.0,20000,0.5,0.6931471805599453,0.8,0.8
0.6931471805599453,0.3020953101691442,0.030487906405616987,0.7040824074205247,0.03676523517561824,0.0,20000,0.5,0.6931471805599453,0.8,0.8
0.6931471805599453,0.35461369485905614,0.030505027134503395,0.8272169795147746,0.037081739835081305,0.0,20000,0.5,0.6931471805599453,0.8,0.8
0.6931471805599453,0.28963712947337505,0.030522386402224114,0.6787412130750581,0.03688507475604564,0.0,20000,0.5,0.6931471805599453,0.8,0.8
0.6931471805599453,0.33335368174434404,0.030454733247409663,0.7721424480111438,0.03672408009706465,0.0,20000,0.5,0.6931471805599453,0.8,0.8
0.6931471805599453,0.32776073478160694,0.030479802292828897,0.7616197726888114,0.03682503381328457,0.0,20000,0.5,0.6931471805599453,0.8,0.8
0.6931471805599453,0.2907061809774414,0.03053696839724669,0.6850318560399835,0.036982129602077245,0.0,20000,0.5,0.6931471805599453,0.8,0.8
0.6931471805599453,0.25374156530310693,0.030414981299416336,0.5843042840385894,0.036220492628504505,0.0,20000,0.5,0.6931471805599453,0.8,0.8
0.6931471805599453,0.331961535008363,0.030467813199438164,0.7708956461285676,0.036788050594935465,0.0,20000,0.5,0.6931471805599453,0.8,0.8
0.6931471805599453,0.3285111205994003,0.03044707149364135,0.759880590143365,0.03666272449138648,0.0,20000,0.5,0.6931471805599453,0.8,0.8
0.6931471805599453,0.25908680717883203,0.03030638273126196,0.5843170605208666,0.035706713372851896,0.0,20000,0.5,0.6931471805599453,0.8,0.8
0.6931471805599453,0.3104205305430437,0.030271104167841952,0.6953424740858916,0.035696609590092174,0.0,20000,0.5,0.6931471805599453,0.8,0.8
0.6931471805599453,0.285027861730726,0.03066454422642212,0.6871311387781194,0.03763265930097289,0.0,20000,0.5,0.6931471805599453,0.8,0.8
0.6931471805599453,0.33844181721759625,0.030528394100149518,0.7934659005621,0.037134501797510724,0.0,20000,0.5,0.6931471805599453,0.8,0.8
0.6931471805599453,0.2891158692858653,0.030494613024613492,0.6751141292837264,0.03674993985879916,0.0,20000,0.5,0.6931471805599453,0.8,0.8
0.6931471805599453,0.28237208410017967,0.03035768097641331,0.6430651730703888,0.03603108501328881,0.0,20000,0.5,0.6931471805599453,0.8,0.8
0.6931471805599453,0.30437646102538857,0.030408298110129607,0.6994546000402794,0.036364681103734336,0.0,20000,0.5,0.6931471805599453,0.8,0.8
0.6931471805599453,0.2500828004044815,0.030412139553236163,0.5757728966307688,0.03619501616001043,0.0,20000,0.5,0.6931471805599453,0.8,0.8
0.6931471805599453,0.32201795474351486,0.03047708581439984,0.7481355212834909,0.0367872306984805,0.0,20000,0.5,0.6931471805599453,0.8,0.8
0.6931471805599453,0.3202155731845019,0.030456337916812612,0.7433555339153796,0.03667056899805191,0.0,20000,0.5,0.6931471805599453,0.8,0.8
0.6931471805599453,0.34206160285694776,0.030508773494858237,0.8014408529218361,0.03705503900798665,0.0,20000,0.5,0.6931471805599453,0.8,0.8
0.6931471805599453,0.24348408307344632,0.03039247338226907,0.5583210767052074,0.036077229748753416,0.0,20000,0.5,0.6931471805599453,0.8,0.8
0.6931471805599453,0.29144628461836025,0.030354759990855074,0.6631806271311009,0.03604737052877595,0.0,20000,0.5,0.6931471805599453,0.8,0.8
0.6931471805599453,0.28855679986267163,0.03032192534458993,0.6532592605698067,0.03586863665825693,0.0,20000,0.5,0.6931471805599453,0.8,0.8
0.6931471805599453,0.29902849752928445,0.03037409505023798,0.6835066901546681,0.03616500970127408,0.0,20000,0.5,0.6931471805599453,0.8,0.8
0.6931471805599453,0.3110732177794628,0.030365671925128915,0.7072869313409691,0.03616105638605173,0.0,20000,0.5,0.6931471805599453,0.8,0.8
0.6931471805599453,0.2926674947313686,0.03063699387185709,0.7028883068642281,0.03752942184176094,0.0,20000,0.5,0.6931471805599453,0.8,0.8
0.6931471805599453,0.32853637414802417,0.03046851632453546,0.7617646166522107,0.03676828437541118,0.0,20000,0.5,0.6931471805599453,0.8,0.8
0.6931471805599453,0.279222285917095,0.03029167384222634,0.6283631858380522,0.03569667744635119,0.0,20000,0.5,0.6931471805599453,0.8,0.8
0.6931471805599453,0.33715240419439874,0.03069316711476626,0.8168517904293082,0.03806198267507189,0.0,20000,0.5,0.6931471805599453,0.8,0.8
0.6931471805599453,0.29074188258920164,0.030394839370537878,0.6660562253237491,0.03624405683663579,0.0,20000,0.5,0.6931471805599453,0.8,0.8
0.6931471805599453,0.30344479658813023,0.030415526478569755,0.6974309905700019,0.03639441808734027,0.0,20000,0.5,0.6931471805599453,0.8,0.8
0.6931471805599453,0.30949106036257285,0.030425573498849477,0.7136705439480042,0.03647321466762379,0.0,20000,0.5,0.6931471805599453,0.8,0.8
0.6931471805599453,0.3384815686427573,0.030479781565062695,0.7870492288511163,0.036877830469164444,0.0,20000,0.5,0.6931471805599453,0.8,0.8
0.6931471805599453,0.24305546319062354,0.030426191869068683,0.5612082667487738,0.03624217317565667,0.0,20000,0.5,0.6931471805599453,0.8,0.8
0.6931471805599453,0.32500254103470605,0.03051603972194188,0.7615816675517477,0.037015562879856315,0.0,20000,0.5,0.6931471805599453,0.8,0.8
0.6931471805599453,0.29964612234945326,0.03036864167663153,0.6813825239015301,0.03612841893124422,0.0,20000,0.5,0.6931471805599453,0.8,0.8
0.6931471805599453,0.311005966410051,0.03043759661644116,0.7184352374975553,0.03654157480408999,0.0,20000,0.5,0.6931471805599453,0.8,0.8
0.6931471805599453,0.34180874947557405,0.030469376818651018,0.793435878322831,0.036838240137874415,0.0,20000,0.5,0.6931471805599453,0.8,0.8
0.6931471805599453,0.30043979690318917,0.03049966332795619,0.7034879435842704,0.03682050647979291,0.0,20000,0.5,0.6931471805599453,0.8,0.8
0.6931471805599453,0.28567831669175847,0.03051249666081171,0.669929178538313,0.036832294773427636,0.0,20000,0.5,0.6931471805599453,0.8,0.8
0.6931471805599453,0.2672197234249388,0.030403725780105143,0.6127951243550172,0.03619981088868252,0.0,20000,0.5,0.6931471805599453,0.8,0.8
0.6931471805599453,0.27612362922172234,0.0303333352048305,0.6259988800658827,0.035890705753954366,0.0,20000,0.5,0.6931471805599453,0.8,0.8
0.6931471805599453,0.28529904959176616,0.030231864821395466,0.634505958625796,0.03542881373781488,0.0,20000,0.5,0.6931471805599453,0.8,0.8
0.6931471805599453,0.2957116670626427,0.030461503316365043,0.6872067335591461,0.036603558151359704,0.0,20000,0.5,0.6931471805599453,0.8,0.8
0.6931471805599453,0.2846547754497159,0.030373684176554918,0.6501554288373858,0.03611847632193896,0.0,20000,0.5,0.6931471805599453,0.8,0.8
0.6931471805599453,0.27623641482928946,0.030311647153908893,0.6231202061858665,0.03578265106772321,0.0,20000,0.5,0.6931471805599453,0.8,0.8
0.6931471805599453,0.34705196361456786,0.03036414231050425,0.7879493692810946,0.03629067982254616,0.0,20000,0.5,0.6931471805599453,0.8,0.8
0.6931471805599453,0.2994327650675228,0.03055950167027217,0.7073642869061089,0.037131670352942216,0.0,20000,0.5,0.6931471805599453,0.8,0.8
0.6931471805599453,0.28945249260587597,0.03042683178769682,0.6678196050739724,0.03640381590905692,0.0,20000,0.5,0.6931471805599453,0.8,0.8
0.6931471805599453,0.2763620097133016,0.03049741044300376,0.6469782860381021,0.036714989320588226,0.0,20000,0.5,0.6931471805599453,0.8,0.8
0.6931471805599453,0.34051107376837264,0.030468527900891204,0.7913110722629311,0.036829584793876755,0.0,20000,0.5,0.6931471805599453,0.8,0.8
0.6931471805599453,0.29566881565906233,0.03049401472036374,0.6911780049351103,0.03677525699090942,0.0,20000,0.5,0.6931471805599453,0.8,0.8
0.6931471805599453,0.28083017570131946,0.03037653109633821,0.6409426211959648,0.036115048414988436,0.0,20000,0.5,0.6931471805599453,0.8,0.8
0.6931471805599453,0.3110018530150154,0.03054107681102105,0.7328304102289309,0.03709008719747038,0.0,20000,0.5,0.6931471805599453,0.8,0.8
0.6931471805599453,0.2539526084083152,0.030466081183930262,0.5900231392143634,0.036473033526024094,0.0,20000,0.5,0.6931471805599453,0.8,0.8
0.6931471805599453,0.26041241922993735,0.03053803566883251,0.6134826228273339,0.036864278169575874,0.0,20000,0.5,0.6931471805599453,0.8,0.8
0.6931471805599453,0.32848792544805716,0.030431434388017434,0.7578988351469593,0.03658034587260375,0.0,20000,0.5,0.6931471805599453,0.8,0.8
0.6931471805599453,0.3114936994415417,0.03040178103267026,0.7146649946586845,0.03635811004634022,0.0,20000,0.5,0.6931471805599453,0.8,0.8
0.6931471805599453,0.27504146498806564,0.030501329101687517,0.6438570113942552,0.03673298362630745,0.0,20000,0.5,0.6931471805599453,0.8,0.8
0.6931471805599453,0.35194767589080944,0.03037976776488104,0.8022220954886677,0.0364000504272283,0.0,20000,0.5,0.6931471805599453,0.8,0.8
0.6931471805599453,0.30868433378545423,0.030258579099243003,0.6896377915559081,0.03563031193306794,0.0,20000,0.5,0.6931471805599453,0.8,0.8
0.6931471805599453,0.3019167880133159,0.030575009884610253,0.7169895799674884,0.03723492448934014,0.0,20000,0.5,0.6931471805599453,0.8,0.8
0.6931471805599453,0.29915642259766,0.030357261662942534,0.6808007447092352,0.03608661832491664,0.0,20000,0.5,0.6931471805599453,0.8,0.8
0.6931471805599453,0.27576965824702976,0.030401163379234028,0.6336347946679775,0.036223740852947925,0.0,20000,0.5,0.6931471805599453,0.8,0.8
0.6931471805599453,0.33700572940733725,0.030549988203097952,0.7929884713782898,0.03724162450152259,0.0,20000,0.5,0.6931471805599453,0.8,0.8
0.6931471805599453,0.2990180650496353,0.030472682473044868,0.6952622914478896,0.03667548675147238,0.0,20000,0.5,0.6931471805599453,0.8,0.8
0.6931471805599453,0.3365547734230354,0.030416829158926382,0.7723361717699493,0.03652678087634915,0.0,20000,0.5,0.6931471805599453,0.8,0.8
0.6931471805599453,0.2665987040588326,0.030396976816416642,0.611910972063268,0.036173488700820836,0.0,20000,0.5,0.6931471805599453,0.8,0.8
0.6931471805599453,0.31940459585386066,0.03038886594804478,0.7304455460268947,0.03632049318095931,0.0,20000,0.5,0.6931471805599453,0.8,0.8
0.6931471805599453,0.31899413235367186,0.030479738877779296,0.7418528751361816,0.03679113994878344,0.0,20000,0.5,0.6931471805599453,0.8,0.8
0.6931471805599453,0.26758003924003515,0.030363011003463822,0.6098333025620526,0.0360080868262094,0.0,20000,0.5,0.6931471805599453,0.8,0.8
0.6931471805599453,0.26497841846929127,0.030391998829154408,0.6074398384178993,0.03614337434929288,0.0,20000,0.5,0.6931471805599453,0.8,0.8
0.6931471805599453,0.3399479147948197,0.030349440258974517,0.7698443928320934,0.03618636359928243,0.0,20000,0.5,0.6931471805599453,0.8,0.8
0.6931471805599453,0.26225316387651054,0.030325023456917583,0.5931435689925917,0.03580342735323555,0.0,20000,0.5,0.6931471805599453,0.8,0.8
0.6931471805599453,0.3201232853821922,0.030425138755535337,0.7374159435905708,0.036512543689144826,0.0,20000,0.5,0.6931471805599453,0.8,0.8
0.6931471805599453,0.336433842788001,0.03052821276717128,0.7909217684305312,0.03713697204220413,0.0,20000,0.5,0.6931471805599453,0.8,0.8
