code,description,odds_ratio,log_or,se,z,p_two
rxHDX012,Pramlintide,1.0,0.0,0.28285974509744743,0.0,-0.0
rxNEX003,Felbamate,1.0,0.0,0.8165024807323725,0.0,-0.0
rx5A,Blood Derivatives - Blood Derivatives,1.0,0.0,0.6324631487037594,0.0,-0.0
rxQCX011,Ozanimod,1.0,0.0,0.5000096345146863,0.0,-0.0
rxVK,Vitamins & Comb - Vitamins & Comb,1.0,0.0,0.2132233142346478,0.0,-0.0
rxREX002,Benralizumab,1.0,0.0,1.0000048171529181,0.0,-0.0
rxEAX040,Muromonab-Cd3,1.0,0.0,1.0000048171529181,0.0,-0.0
rxCGX003,Avanafil,1.0,0.0,0.22943673408472492,0.0,-0.0
rxICX013,Tinidazole,1.0,0.0,1.0000048171529181,0.0,-0.0
rxMCX015,Toremifene,1.0,0.0,0.707113593718762,0.0,-0.0
rxICX024,Nitazoxanide,1.0,0.0,0.8165024807323725,0.0,-0.0
rxNGE000,Chlordiazepoxide,1.0,0.0,0.39224455214283577,0.0,-0.0
rxNHX030,Dextromethorphan/Quinidine,1.0,0.0,0.39224455214283577,0.0,-0.0
rxIFX008,Artemether/Lumefantrine,1.0,0.0,1.0000048171529181,0.0,-0.0
rxIHX036,Emtricitabine,1.0,0.0,0.8165024807323725,0.0,-0.0
rxHBX001,Testosterone,0.9986345833357314,-0.0013663496950159875,0.026137617548010715,-0.052275219518619735,0.01849425264502123
rxDEX022,Acetone (Ketone) Test,1.0666718053220412,0.06454333861538074,0.3594110482752105,0.17958084183866882,0.06677516698219474
rxQCX002,Siponimod,1.0714337329995058,0.06899768894155295,0.3716246399318016,0.18566500045372394,0.06919992905713424
rxRAX005,Carbetapentane,0.9763638343388975,-0.02391998094971413,0.12628607184155616,-0.18941107757097037,0.07069827655947954
rxIHX061,Elvitegravir,0.9285669552530522,-0.07411278958511561,0.38517695052330936,-0.19241231720751836,0.07190167737568742
rxKAX028,Acrivastine.,0.9545362563680954,-0.04652965186712606,0.2157462230701385,-0.2156684423254047,0.08131650906242371
rxREX001,Mepolizumab,1.1250054194928318,0.11778785297174181,0.48592257175585885,0.24240045599470883,0.09233615476232368
rxGGX001,"Digestants, Misc.",1.1428626483471487,0.13353620991667456,0.5175584773157973,0.2580118301012682,0.0988699608079467
rxHB,Hormones & Synthetic Subst - Androgens & Comb,1.0067584238283753,0.006735688063191549,0.025953298076075694,0.259531102499865,0.09950970892726087
rxEAX043,Emapalumab,1.0869669949962966,0.08339124428922376,0.2889427213475677,0.2886082193048665,0.11188725381521578
rxIA,Anti-Infective Agents - Amebicides,0.8333293189715526,-0.1823263740396944,0.6055380261867509,-0.30109814108266103,0.11728217372762337
rxCAX026,No data,1.2000057807088111,0.1823263740396943,0.6055380261867509,0.3010981410826608,0.11728217372762337
rxIBX004,Praziquantel,0.8333293189715526,-0.1823263740396944,0.6055380261867509,-0.30109814108266103,0.11728217372762337
rx5AX001,Alpha-Proteinase Inhibitor,1.2500060215426712,0.22314836853674383,0.6708275743028667,0.33264638647068545,0.13111983475315772
rxLAE006,Chlorobutanol,1.2500060215426712,0.22314836853674383,0.6708275743028667,0.33264638647068545,0.13111983475315772
rx2EX000,Meningitis Vaccine,1.1333442530286095,0.12517277793283316,0.35425955323358427,0.35333635124385576,0.14035964318590888
rx2EX036,Haemophilus B/Tetanus,1.0645366471552786,0.06253963139599453,0.1768903180417476,0.35355033609716646,0.1404558905093404
rxLAE001,"Anesthetics, Local-EENT",1.3333397562812415,0.2876868896511093,0.7637689229943768,0.376667446121302,0.15093654748875707
rx7AX000,Penicillamine,0.7499963871092056,-0.2876868896511095,0.7637689229943768,-0.37666744612130226,0.15093654748875707
rxIAX001,Paromomycin,0.7499963871092056,-0.2876868896511095,0.7637689229943768,-0.37666744612130226,0.15093654748875707
rxIGX007,Rifapentine,1.3333397562812415,0.2876868896511093,0.7637689229943768,0.376667446121302,0.15093654748875707
rxSLX029,Aluminum Sulfate,0.8571345987487156,-0.1541603146668384,0.39341014171152844,-0.39185648340473606,0.15791256535157633
rxNAJ000,Dezocine,1.081653499792516,0.07849088864884661,0.19820626730071958,0.39600608859537134,0.1598308140496695
rxEAX010,Azathioprine,1.111127170492279,0.10537496899642734,0.26529230280850224,0.3972032655334553,0.16038522838473993
rxNAH026,Oxaprozin,1.2000115617517981,0.1823311915407054,0.4281856701012824,0.4258227312875208,0.17377158668873258
rxSKA003,Methyl Salicylate,1.5000072257815886,0.40546992528428755,0.9128762061120772,0.44416748138411494,0.1824865234789762
rxNGX019,Lemborexant,1.5000072257815886,0.40546992528428755,0.9128762061120772,0.44416748138411494,0.1824865234789762
rxNGC003,Butabarbital,1.5000072257815886,0.40546992528428755,0.9128762061120772,0.44416748138411494,0.1824865234789762
rxNHX009,Tetrabenazine,1.5000072257815886,0.40546992528428755,0.9128762061120772,0.44416748138411494,0.1824865234789762
rxHNX000,Somatropin,1.142873660600296,0.13354584554533772,0.29882327480679616,0.44690576941063787,0.18379643013804586
rxKAX016,Carbinoxamine,1.0689964270876608,0.06672028974327297,0.1491863916732171,0.44722771959938107,0.18395059508383124
rxEAX013,Cyclosporine,0.9735674211503974,-0.02678820012177733,0.059767748507189015,-0.4482049398021941,0.18441873351331028
rxSBX002,Alitretinoin,1.0612705327892522,0.05946680619642189,0.11498964636459681,0.5171492223558192,0.21820730261545765
rxGIX022,Prucalopride,0.812488257539262,-0.20765381714204922,0.37340689847976893,-0.5561060012213456,0.23796818919419926
rxIHX071,No data,0.812488257539262,-0.20765381714204922,0.37340689847976893,-0.5561060012213456,0.23796818919419926
rxCIX027,No data,2.000009634329041,0.6931519977128634,1.224748804574161,0.565954418672708,0.24304094034116727
rxMBX023,Etoposide,2.000009634329041,0.6931519977128634,1.224748804574161,0.565954418672708,0.24304094034116727
rxIIX012,Delafloxacin,2.000009634329041,0.6931519977128634,1.224748804574161,0.565954418672708,0.24304094034116727
rxGCX008,Dimenhydrinate,2.000009634329041,0.6931519977128634,1.224748804574161,0.565954418672708,0.24304094034116727
rxMEX001,Abemaciclib,2.000009634329041,0.6931519977128634,1.224748804574161,0.565954418672708,0.24304094034116727
rxMEX074,Copanlisib,2.000009634329041,0.6931519977128634,1.224748804574161,0.565954418672708,0.24304094034116727
rxQCX008,Natalizumab,2.000009634329041,0.6931519977128634,1.224748804574161,0.565954418672708,0.24304094034116727
rxIJX000,Sulfadiazine,2.000009634329041,0.6931519977128634,1.224748804574161,0.565954418672708,0.24304094034116727
rx1AX003,Ostomy Supplies,2.000009634329041,0.6931519977128634,1.224748804574161,0.565954418672708,0.24304094034116727
rxNCM002,Ethosuximide,1.4000134883855366,0.33648187113589845,0.5855482707444609,0.5746441206428606,0.24754281109232237
rxSAC028,Naftifine,1.4000134883855366,0.33648187113589845,0.5855482707444609,0.5746441206428606,0.24754281109232237
rxSJX004,Anthralin,1.2727456666005363,0.241176509041447,0.4029234383279723,0.5985665913163725,0.26006238467402915
rxRDX001,Zileuton,1.1613182977952268,0.1495558234489219,0.2450417884465647,0.6103278318242236,0.26628553105328856
rxTHX013,Phenylephrine,1.0213426018454776,0.021118038083037815,0.03425360412603363,0.6165201771275087,0.26958011644255087
rxNMA000,Lisdexamfetamine,1.088282498779483,0.08460076434411928,0.13719537076368618,0.6166444528936832,0.26964636407781867
rxNHX008,Ubrogepant,0.7692196522688423,-0.262378716622428,0.42063370251685167,-0.6237700760839925,0.2734532323614377
rxSLX026,Progesterone,1.300018787937181,0.2623787166224281,0.42063370251685167,0.6237700760839927,0.2734532323614377
rxIKX000,Dapsone,1.0686995946057747,0.0664425772146612,0.09746158620792626,0.68173092394486,0.30503601174865763
rxIK,Anti-Infective Agents - Sulfones,1.0686995946057747,0.0664425772146612,0.09746158620792626,0.68173092394486,0.30503601174865763
rxSAC019,Gentian Violet,1.142895690200508,0.13356512098115977,0.19563982926739565,0.6827092493451642,0.3055785737398391
rxNMA010,Mazindol,1.3750198716651734,0.3184681831342298,0.46467055597080964,0.6853633806619669,0.3070520984109497
rxMEX045,Capmatinib,0.5999942193747291,-0.5108352581878531,0.7303033395481606,-0.6994836672989985,0.3149305351384003
rxSMX006,Skin & Wound Dress/Soaks,0.5999942193747291,-0.5108352581878531,0.7303033395481606,-0.6994836672989985,0.3149305351384003
rxIDD026,Ceftizoxime,1.2381250620855182,0.21359818861546714,0.2934113518723334,0.7279820199608573,0.33103237606579333
rxDDX013,Glucose Data Management,0.8076728519779606,-0.21359818861546714,0.2934113518723334,-0.7279820199608573,0.33103237606579333
rxNHX031,Eptinezumab,0.8235056063231787,-0.1941849214663302,0.2552169392796913,-0.7608621983101351,0.3499457636431738
rxHDB005,Insulin - Beef,0.8064283014598558,-0.21514028622451628,0.2688265240856774,-0.8002941188792411,0.37310514761160773
rxNMA003,Amphetamine,2.0000192688437246,0.6931568149353968,0.866030966175836,0.8003834066074961,0.3731581817909814
rxBFA005,Tinzaparin,2.0000192688437246,0.6931568149353968,0.866030966175836,0.8003834066074961,0.3731581817909814
rxSLX042,Aminolevulinic Acid,1.2609060128547047,0.23183052038636714,0.2792322598362705,0.8302426106578887,0.3910445609008687
rxCDX009,Phenoxybenzamine,1.4444722784254531,0.36774404961881935,0.4336401996828011,0.8480395726406744,0.40184889892311954
rxQHX017,Disulfiram,0.7692085342357776,-0.262393170378752,0.29744104250303693,-0.8821686750780968,0.422869574429129
rx2EX035,Meningococcal/Haemophilus B Va,1.7500252907228813,0.5596302396726422,0.6267908561463089,0.8928500379112269,0.4295300489288667
rxNAI018,Methadone,0.8736336866454122,-0.13509411401446095,0.15028022800416255,-0.8989480240256159,0.43335001328423445
rxIEX018,Oritavancin,0.6363513741949668,-0.45200439305090423,0.4835037418884759,-0.9348519026666866,0.4560999644833107
rxNHX044,No data,0.6363513741949668,-0.45200439305090423,0.4835037418884759,-0.9348519026666866,0.4560999644833107
rxSJX003,Pyrithione Zinc,3.000028903126355,1.098621922997151,1.1547047101585646,0.9514310570763046,0.46675480068474906
rxNMG005,Caffeine,3.000028903126355,1.098621922997151,1.1547047101585646,0.9514310570763046,0.46675480068474906
rxQCX001,Fingolimod,1.118147185315884,0.11167301661861427,0.11473999253756398,0.973270209879562,0.48093495572597256
rxNAJ004,Butorphanol Tartrate,2.000028903544056,0.6931616322275475,0.707113593735171,0.9802691369092122,0.4855142946717234
rxSLX022,Chlorophyll Copper Cmplx,2.000028903544056,0.6931616322275475,0.707113593735171,0.9802691369092122,0.4855142946717234
rxMBX039,Mercaptopurine,1.1471417530362122,0.1372734164188945,0.1355011787268497,1.0130791311831862,0.5072083800532274
rxBAD012,Iron Preparations,1.555593024556648,0.441856839203935,0.4272579049118246,1.0341689038968707,0.5213509694369163
rxLNX006,Naphazoline,1.4615807078254204,0.379518526641387,0.3599504005405113,1.0543633958220124,0.5350388953192791
rxSAC007,"Iodochlorhydroxyquin&Comb,S/M",0.8436890095512549,-0.16997132438437274,0.15090389002347634,-1.1263548233112481,0.5850009944815623
rxEAX038,Guselkumab,0.4999903655781376,-0.6931664495893167,0.6123803021935685,-1.1319215316142097,0.5889404818241539
rxSMX000,Scarlet Red,1.833377492589274,0.6061598901471084,0.5075287107213499,1.1943361574275753,0.6338638666105304
rxDPX008,Barium Sulfate,1.2791437241977766,0.24619088860379765,0.2035860227179822,1.209272057663968,0.6448199418994243
rxIBX009,Mebendazole,1.168248575390628,0.15550568315886018,0.1281988885389178,1.2130033647807543,0.6475694565693874
rxIFX006,Primaquine,0.42856317053532716,-0.8473171293237517,0.6900725401425206,-1.2278667531804053,0.6585714271448124
rxSDX001,Tretinoin,0.9514592128028476,-0.04975845937296766,0.04039908736942459,-1.2316728573088156,0.6614014617261893
rxSLX004,Eflornithine,0.6999696490856185,-0.3567183033278535,0.2845382511582382,-1.253674336845046,0.677862609602552
rxCGX000,Tadalafil,0.9720744512700231,-0.02832288149820458,0.02249065359071471,-1.2593178488106593,0.6821130310523397
rxSAX019,"Betamethasone/Calcipotriene, S",1.0883666939082324,0.08467812649239215,0.06679848009298105,1.267665467455596,0.6884210745500605
rxLHX010,Nedocromil Sodium,1.3096058369574546,0.2697262041185013,0.20494140254948018,1.3161137806372714,0.7255284255167906
rxKAX002,Chlorpheniramine,1.0522949332159093,0.050973429791438395,0.038727965643239465,1.316191773691489,0.7255888459537541
rxIHX062,Sofosbuvir,0.5384459749397654,-0.6190681125072357,0.46881750658498084,-1.320488471125426,0.7289208597003244
rxNLN008,Risperidone,3.0000578070881123,1.098631557511835,0.8165024807607935,1.3455336430676388,0.7484762334874955
rxIDB008,Griseofulvin,3.0000578070881123,1.098631557511835,0.8165024807607935,1.3455336430676388,0.7484762334874955
rxDE,Diagnostic Agents - Diagnostic Agents,1.4546155325203414,0.3747416268885935,0.2769732495097419,1.3529885198368692,0.7543410342319473
rxTGX001,Ergotamine,1.3715144736253413,0.31591558447533913,0.22229349533299964,1.4211643215294802,0.8089152600106099
rxNHX000,Galcanezumab,0.6249729017525942,-0.47004698738153516,0.32915493080709757,-1.4280417620631298,0.8145149659006349
rxNKX002,Naltrexone,1.2882411185752964,0.2532778140245131,0.1735415934267533,1.4594646103178377,0.840320715983802
rxVCA002,"Vitamins W/Fluoride, Misc Prep",5.000096344682737,1.609457181185004,1.0954495124721415,1.4692207745411128,0.8484067240104114
rxIEX020,Rifamycin,5.000096344682737,1.609457181185004,1.0954495124721415,1.4692207745411128,0.8484067240104114
rxTAX001,Belladonna Preparations,5.000096344682737,1.609457181185004,1.0954495124721415,1.4692207745411128,0.8484067240104114
rxSAB013,Meclocycline Sulfosalicyl,1.0758789026912003,0.07313791143875925,0.04939715235951288,1.480609872133133,0.8578904650422337
rxIHX043,Foscarnet Sodium,1.4616229618469987,0.3795474360342012,0.2545328341428226,1.4911531445928539,0.8667125055687473
rxSLX034,Vitamin C,0.49998313951807927,-0.6931809020923513,0.462920456460136,-1.4974082316278972,0.8719658093536137
rxQHX023,Tisagenlecleucel,0.7815376349892756,-0.24649197290422242,0.16189432683329844,-1.522548552044283,0.8932255962477986
rxSAD027,"Antiinfective-Local, Misc., S/",1.8889616868573973,0.6360273060783211,0.4122429809741572,1.5428456891499933,0.9105604302073528
rxVD,Vitamins & Comb - Vitamin A & Derivatives,0.8398866210965744,-0.17448837113973775,0.11192251121501909,-1.5590105086591628,0.9244753270385333
rxNEX000,Magnesium Sulfate,3.5000843024096033,1.252787054608039,0.801789733846856,1.5624882705810808,0.9274817136576183
rxNMA008,Desoxyephedrine,0.7169293158485384,-0.3327780264380612,0.2125872770188858,-1.5653713199802541,0.9299774018327606
rxEAX044,Fostamatinib,0.7464141309260595,-0.2924746975193446,0.18155458871928498,-1.6109463251934732,0.9698399684355092
rxSAD005,Sulfisoxazole,0.8452801998978655,-0.1680871090790006,0.10273678356504895,-1.6360947194008109,0.9921679087695674
rxTHX020,Pirbuterol,1.1205603486669422,0.11382887150279855,0.06894241101842445,1.651071812275008,1.005577642734912
rxSAB006,"Bacitracin/Neomycin/Polymy, S/",6.0001445177202815,1.7917835552246986,1.0801279095853995,1.6588623803938773,1.0125861336615547
rxNDD000,Clobazam,6.0001445177202815,1.7917835552246986,1.0801279095853995,1.6588623803938773,1.0125861336615547
rxTAX000,Atropine,6.0001445177202815,1.7917835552246986,1.0801279095853995,1.6588623803938773,1.0125861336615547
rxLBX003,Emedastine,6.0001445177202815,1.7917835552246986,1.0801279095853995,1.6588623803938773,1.0125861336615547
rxNHX007,Cabergoline,0.7699146571830605,-0.261475605104235,0.15164646824847292,-1.7242446073706572,1.07230278432616
rxHAX011,Betamethasone,2.7500927344374753,1.0116346327235464,0.583882458627931,1.732599802879492,1.0800498814486736
rxEAX046,Teprotumumab,0.36362410164490233,-1.0116346327235466,0.583882458627931,-1.7325998028794924,1.0800498814486736
rxNLN016,Lurasidone,1.7059809759597888,0.5341402977527916,0.3054765512051872,1.7485476238534985,1.0949101026309116
rxNAI019,Levorphanol,4.000115615290122,1.3863232645247137,0.7905755083913717,1.7535621200124747,1.0996024634587862
rxIHX073,No data,0.47056783259586077,-0.753815159050063,0.42875769873920827,-1.7581378976207511,1.1038925778504343
rxNAH019,Sulindac,0.7470472340638593,-0.2916268641698315,0.1639771509168962,-1.7784603680401077,1.1230419748265008
rxNEX018,Perampanel,7.000202325783048,1.9459390523209026,1.0690494737284177,1.8202516348792017,1.1629124692275896
rxKAX013,Pyrilamine,7.000202325783048,1.9459390523209026,1.0690494737284177,1.8202516348792017,1.1629124692275896
rxSLX044,Mineral Spirits,0.43748103195783916,-0.8267219296492849,0.4531741140302535,-1.8242920415222432,1.16680230019093
rxHBX000,Methyltestosterone,0.5555234391141857,-0.5878444761676238,0.3220455540985258,-1.8253457272935374,1.1678177371541902
rxNLB010,Escitalopram,1.9167682388270624,0.6506405589076492,0.3561196838864114,1.8270277896662928,1.1694396147204627
rxTAX004,Propantheline Bromide,2.111212815135272,0.7472625762602065,0.40466322410676303,1.8466283362163272,1.1884181280845896
rxQHX027,Misc. Pharmacotherapy Agents,0.5384304103683232,-0.6190970193932176,0.331511304565341,-1.8674989687152383,1.2087871221964022
rxVKX002,Para-Aminobenzoate Potassium,0.39998265787356624,-0.9163340881301083,0.48305586432304237,-1.8969526214411347,1.2378153316672502
rxSKF006,Aminacrine,0.8188975676568544,-0.19979627296702507,0.10288586569062952,-1.9419214838294527,1.2827739514764305
rxQHX061,Eteplirsen,0.7026282140018704,-0.352927383392658,0.18098044067026198,-1.9500857776983505,1.2910194153611432
rxRAX010,Dihydrocodeine,0.7938092788368984,-0.2309120495645552,0.1170633800837054,-1.9725387170560345,1.3138273951836452
rxHQH005,No data,0.9035337271497799,-0.10144184020576122,0.051374358140715455,-1.9745617050418396,1.3158918730572042
rxOA,Oxytocics - Oxytocics,0.3571273731759887,-1.0296627732282497,0.5209973187125879,-1.9763302732010237,1.3176980006347914
rxRAX003,Diphenhydramine,3.6668079762856767,1.299321522374656,0.6513463432026968,1.9948243141825874,1.3366567890856074
rxTGX005,Dihydroergotamine Mesylate,0.6325981968702148,-0.4579198184620824,0.22951223033730256,-1.9951870006626693,1.3370299041040274
rxIHX019,Delavirdine Mesylate,0.4210303198562922,-0.8650504292319483,0.4214750452994373,-2.0524356990515833,1.3965596486403005
rxNAH015,Ketorolac Tromethamine,0.5951893447196192,-0.5188756976402669,0.25262454275213,-2.0539401753588806,1.3981411088775437
rxEAX022,Alefacept,0.5454151292522965,-0.606208069218871,0.2930327989805947,-2.0687379410351108,1.4137426505400597
rxNLB012,Clomipramine,5.000192694006735,1.609476450492847,0.7746028882690078,2.0778084807939683,1.4233477002599548
rxSAD013,Boric Acid,9.000346847541236,2.197263115209319,1.0540971234091232,2.084497781478626,1.4304515670197797
rxIHX004,Atazanavir,0.5312116104462944,-0.6325948240439127,0.30013857596976773,-2.107675836069911,1.4551999944122358
rxNAH027,Mefenamic Acid,1.0716350898004086,0.06918560339334566,0.032146879710005766,2.1521716576371652,1.5032939602775781
rxNAH018,Etodolac,0.39997687694197565,-0.9163485411901423,0.41834152899993476,-2.190431687192799,1.545262674744847
rxVI,Vitamins & Comb - Vitamin E & Comb,10.000433561515152,2.30262844820571,1.0488134412236925,2.1954604677063845,1.5508212565580053
rxSAC018,Nystatin,0.5499523054761986,-0.5979237218317869,0.2654509015424268,-2.2524832967509107,1.6145412489710478
rxGCX004,Aprepitant,1.2178786399758217,0.19711052555152972,0.08735086196365674,2.2565378419910687,1.6191203120045865
rxVKX007,"Vitamins, Misc.",0.4642521643978913,-0.76732741662149,0.33562925650944186,-2.286235188796492,1.6528553914090727
rxIDH008,Tetracycline,11.000529911071288,2.397943445371807,1.0444705478967713,2.295845919447414,1.6638467252746176
rxGED004,Casanthranol,1.2489937263699364,0.22233820820843694,0.09664558479991378,2.3005521531971245,1.6692422115366135
rxEAX037,Golimumab,0.6306962926065609,-0.46093084354994324,0.19946051234173406,-2.310887694704374,1.6811218973555744
rxCBD014,Metoprolol,3.000173431289895,1.0986700974271162,0.47141473992164834,2.330580706088488,1.7038729699755075
rxNLN006,Loxapine,6.000289043794952,1.791807642033552,0.763768923100722,2.3460075264115683,1.7218016384883776
rxDRX002,Thyrotropin,0.49995664217752617,-0.6932338999649119,0.2886918232697042,-2.4012938507,1.7868220715108174
rxDR,Diagnostic Agents - Thyroid Function,0.49995664217752617,-0.6932338999649119,0.2886918232697042,-2.4012938507,1.7868220715108174
rxEAX034,Anakinra,1.1520274085817217,0.1415233541623037,0.05884918516692576,2.404848151437825,1.7910433065509004
rxLCD000,Natamycin,3.400196554514973,1.223833240102636,0.5087564880751139,2.4055383445487317,1.7918635853629064
rxTDB001,Varenicline,1.185381302779184,0.17006449732598536,0.07037799209855232,2.4164442925259815,1.8048499645999487
rx8BX005,Pot. Citrate/Sod. Citrate,4.6669139620738775,1.540498031416103,0.6362165821421415,2.421342157145992,1.8106974009390728
rxSAB009,Chloramphenicol,4.6669139620738775,1.540498031416103,0.6362165821421415,2.421342157145992,1.8106974009390728
rx2EX019,Varicella Virus Vaccine,0.6196376908517581,-0.478620341347397,0.1918890738813972,-2.494255309414973,1.8988659076291288
rxNAH025,Zomepirac,1.3136309604171086,0.2727950285743239,0.1084087224061457,2.5163568255358313,1.9260066245468948
rxMBX006,Capecitabine,1.410791479153395,0.3441508796346955,0.13415901725093599,2.5652459796346223,1.9867300284846603
rxMEX006,Elotuzumab,2.545663023412162,0.9343911360778212,0.3558553242044864,2.625761292645122,2.0632077538979243
rxLHX007,Ketotifen,2.050207417900092,0.7179409674954798,0.27276341315208635,2.632101421517163,2.0713045126797613
rxQCX005,Interferon Alfacon-1,2.250216807913007,0.8110265706465392,0.30047864020727616,2.6991155513985183,2.1578650496199896
rxVDX003,Acitretin,1.4548258961533491,0.37488623446261177,0.13851272726632785,2.7065111045123853,2.167527439585298
rxNLN030,Trifluoperazine,1.893085153980644,0.6382078548291058,0.23364898107799642,2.7314814380297254,2.200312894005852
rxHF,Hormones & Synthetic Subst - Estrogens & Comb,0.9701731787278904,-0.030280688649123047,0.010973346602527068,-2.7594761877064617,2.2373656467233736
rxIEX011,Neomycin/Polymyxin B Irrigant,8.000539558814319,2.0795089842573242,0.7500064230751189,2.7726549003821606,2.254917005508249
rxSAX024,Crisaborole,0.4772198431037292,-0.7397780072596771,0.26524697187924445,-2.789015844435224,2.2768031882383335
rxHCE000,Ertugliflozin,1.1832284933317736,0.16824671370983568,0.0590360658028066,2.8498971166509737,2.3591870254038967
rx2DX002,Tetanus Toxoid,8.50061423285929,2.1401384235747765,0.7475514457807618,2.8628644030506303,2.37692633549774
rxLFX012,Lifitegrast,1.3503645534461393,0.3003745955859434,0.10435167750868,2.8784836310940776,2.398383196064231
rxNMA006,Phendimetrazine,0.5090246866808426,-0.6752587632524286,0.23217609708739537,-2.908390535130103,2.4397413709698883
rxNHX001,Atomoxetine,0.7200197848966929,-0.32847658832639287,0.11128896486652334,-2.9515647730245123,2.50008177776612
rxTG,Autonomic Drugs - Sympatholytic Agents,1.5060664758769837,0.4095012690920985,0.13833828088211567,2.960144267233255,2.512161926458893
rxVCC001,"Vitamins W/Minerals, Misc Prep",6.333821512649304,1.8459037684723743,0.6212684983382522,2.9711852015831077,2.527751508780094
rxLBX005,Bepotastine,0.5165944794005326,-0.6604970847876158,0.22121113790030675,-2.985822011752781,2.5484941797008944
rxNLB023,Venlafaxine HCl,4.400360358624279,1.4816864372579552,0.4954434178767028,2.990626949103381,2.5553223771497486
rxTHX008,Epinephrine,0.918133361040864,-0.08541262544782112,0.028138664198829204,-3.035418626992783,2.619423325466673
rxEAX045,Inebilizumab,2.0743638929890054,0.7296545490886165,0.23431563340250666,3.113981506454664,2.7338128670171415
rxSIX001,Podofilox,0.5404519926593807,-0.6153494660892892,0.19627315250908367,-3.1351688105219098,2.7650899936481115
rxHAX005,Cortisone,4.800439371967875,1.5687074495513378,0.49160583964787263,3.190986198770485,2.8483603608612422
rxICX006,Rifabutin,3.6253667543504657,1.2879554568028548,0.3993649880943294,3.225008438893601,2.899736471461568
rxMD,Antineoplastic Agents - Interferons,0.6152511719851892,-0.4857246848201584,0.14981834353611187,-3.242090877230133,2.9257096413153603
rxSDX000,Tazarotene,0.7171665013569927,-0.33244724587546376,0.10206897451516474,-3.2570842163802767,2.9486042201436042
rxNLB000,Maprotiline,1.7596068752826892,0.5650904177834355,0.17045372393420669,3.3152130956174024,3.038231190399198
rxNLN019,Olanzapine,4.500455276875789,1.504178564297732,0.45134614067892914,3.332649664479459,3.06538446300826
rxSDX002,Adapalene,0.6739688396979446,-0.39457140104071664,0.11815647260213503,-3.33939726153933,3.0759254947770405
rxCAX012,Icosapent Ethyl,1.3650190798901314,0.31116840648072075,0.09244383194824353,3.36602669883843,3.117707032452762
rxSE,Skin & Mucous Membrane - Depig/Pig S/MM,0.6192507536051131,-0.4792449936491566,0.1397158495398899,-3.430140497498307,3.21948913970734
rxHJ,Hormones & Synthetic Subst - Hormone & Synthetic Subst,0.4385288744098742,-0.8243296211966887,0.239903096663126,-3.4360941257637014,3.2290258912675287
rxGEC001,Magnesium Sulfate,3.1670633486706334,1.1528047700942572,0.33114763807650544,3.481241106807844,3.301815905835271
rxNLN009,Prochlorperazine,13.001503129110118,2.565064976093608,0.7338059507441772,3.4955630619951905,3.325081337089065
rxIHX042,Fosamprenavir,0.37494580272190775,-0.9809737895315385,0.27640283040683555,-3.549072880649049,3.412749309218345
rxSD,Skin & Mucous Membrane - Cell Stim/Proliferant S/MM,0.8757446197373936,-0.1326807605290154,0.03629660748905244,-3.655459000377205,3.590536512031774
rxEAX021,Brodalumab,1.4323430089474916,0.3593115712433043,0.09828385588918856,3.655855460620256,3.5912077513267566
rxMEX026,Rituximab,3.7004813158858334,1.3084628965643597,0.35642202843543574,3.6711055775874466,3.6170764854783113
rxQHX000,Sodium Hyaluronate,1.272574017718822,0.24104163491696518,0.06505735040470549,3.705063815502868,3.6750233967749573
rxIHX045,Cidofovir,0.5256566625143171,-0.6431070122297837,0.1729935234614869,-3.7175207450639447,3.696399068908864
rxQCX004,Dimethyl Fumarate,1.6190248618229883,0.4818240308610927,0.1291833783275327,3.729768001882345,3.7174772249756742
rxSIX002,Silver Nitrate,15.502165617984025,2.7409797314549413,0.7295667889358803,3.7569963066066028,3.7645598509781344
rxHDB006,Insulin Aspart,1.3987836304941452,0.3356030236036823,0.08815202427255238,3.8070937834172685,3.8519855399866523
rxNAH004,Non-Steroid/Anti-Inflam. Agent,2.5656623681567523,0.9422166784857927,0.24583947923673222,3.8326499934474763,3.8969826288246345
rx8EI001,Nutritional Formulas/Preps.,2.273187254731025,0.8211829236729669,0.20891625207110126,3.9306799520483957,4.072085996216198
rxGEC003,Sodium Phosphate,0.8646439429960419,-0.14543748338591087,0.03634169963018626,-4.001945007137396,4.201875090187811
rxQC,Misc Therapeutic Agents - Biological Response Modifiers,1.3721169033612026,0.31635473220531196,0.07864632799742001,4.022498446662252,4.239697913461615
rxUAB003,Oxtriphylline,1.8735123948764147,0.6278149551231894,0.15606803190423946,4.022700532985547,4.24007066503591
rxHL,Hormones & Synthetic Subst - Ovulation Stimulants,0.2825637679763066,-1.2638510265184686,0.3141207458341614,-4.023456085850863,4.241464444675088
rxHLX000,Clomiphene Citrate,0.2825637679763066,-1.2638510265184686,0.3141207458341614,-4.023456085850863,4.241464444675088
rxSAC017,"Undecylen Acid Deriv&Comb.,S/M",0.6352413162452162,-0.45375032669786053,0.11263963913964939,-4.0283361182940745,4.250472409150203
rx2EX010,Hepatitis B Vaccine,0.35081464893221664,-1.047497260712258,0.25991055321496453,-4.030222119707094,4.253956388353249
rxTHX014,Terbutaline Sulfate,3.1880375417987685,1.1594055368306426,0.2865614749552113,4.045922561683682,4.283016751160916
rxTAX008,Scopolamine,1.1298039237667434,0.12204409887762963,0.02956074095053645,4.12858727329752,4.43770844425682
rxKAX023,Dexchlorpheniramine,6.167587703238323,1.8193077895453713,0.440117403573037,4.133687454246419,4.447345323607992
rxEAX027,Satralizumab,9.001387570643244,2.197378739968466,0.5270554173351522,4.169160713836592,4.514671375648085
rx8NB015,Calcium Supplements,3.9173271628137054,1.3654095750185224,0.32344947779146604,4.221399843776615,4.614769511165543
rxIDD027,Cefamandole,1.6672613078248348,0.5111823448283673,0.12010018952696473,4.256299235178121,4.682274008402547
rxTHX010,Metaproterenol,9.501556214015562,2.2514555971924124,0.525666647871694,4.28304821374544,4.7343563753429265
rxSAD018,Thymol/Thymol Iodide,6.667758757200972,1.8972837850500477,0.4378085220395832,4.333592631343321,4.833583166927282
rxNLB028,Bupropion,4.6007978915619105,1.5262297431408962,0.34892515812235625,4.374089135199873,4.913851848090898
rxNAI010,Morphine Sulfate,1.2479296345477275,0.2214858857837426,0.05022887753470359,4.409532855491664,4.984666062476072
rxIGX002,Isoniazid,1.82203442647788,0.599953693542839,0.1358320630643083,4.416878312882556,4.999407306846837
rxIDB010,Itraconazole,1.2651779678438062,0.23521279832666492,0.0531580276846998,4.424784149664097,5.015298285123869
rxQHX071,Axicabtagene,0.3732487975654213,-0.9855100640940243,0.2214887258409197,-4.449481843160944,5.065109314852686
rxHDX011,Exenatide,0.6108636750468228,-0.4928814624679869,0.11052162468941858,-4.459592987825267,5.085575167663648
rxNAH000,Phenylbutazone,2.1606038026845313,0.7703877209124039,0.1710815512070081,4.503043814351656,5.174009038931913
rx2EX023,Respiratory Vaccine,0.6096097152209033,-0.49493633769452955,0.10884341359734356,-4.5472327753841135,5.264753553351825
rxNLB022,Nefazodone HCl,3.9293475342897612,1.3684733902888027,0.29936603923640176,4.5712379192355685,5.3143913362030535
rxSAB017,Ozenoxacin,6.429748436850409,1.8609354141327759,0.4063114575328382,4.580071222782032,5.332717421594596
rxVGX000,Vitamin Cnations,6.429748436850409,1.8609354141327759,0.4063114575328382,4.580071222782032,5.332717421594596
rxQHX015,Glucosamine,4.63725721234081,1.5341230734290232,0.33245536500643036,4.614523436550197,5.404505634309041
rxSEH001,Monobenzone,0.4798496624633191,-0.7342824273399854,0.15708693515978536,-4.6743698105325535,5.530387663428664
rxNLB005,Desvenlafaxine,2.4365548410599445,0.890585091178612,0.1902024678528659,4.6823003993173105,5.547181450367796
rxNMA002,Methamphetamine,0.23209476897031095,-1.4606095037829088,0.30787961221544113,-4.7440929695625185,5.678934878184041
rxIIX011,Gemifloxacin,1.548552565757121,0.4373206660978536,0.0910028839703009,4.805569307458153,5.811600950022417
rxVG,Vitamins & Comb - Vitamin C & Bioflavonoids,7.001416567089388,1.9461124953089846,0.4040729410123918,4.816240578824858,5.834790891371206
rxNEX012,Tiagabine,5.301098101570781,1.6679139880730236,0.34478625295498727,4.837530422916177,5.88119887875021
rxNGE006,Alprazolam,1.2549092261680943,0.22706324022128654,0.04681157941506158,4.850578490590923,5.909735221997597
rxHQH000,Liothyronine,1.1833732238251669,0.16836902452582508,0.03469710443763306,4.852538194605346,5.914027294286017
rxCG,Cardiovascular Agents - Phosphodiesterase Inhibitors,1.0740251032856962,0.07141336945010242,0.014519415655046285,4.918474072700191,6.059376612738104
rxMDA000,Peginterferon Alfa,0.41109013194181865,-0.8889427893999289,0.17911645614351984,-4.962931985923447,6.158409657892507
rxSNX004,Hexachlorophene,2.3340980877925266,0.8476255585993618,0.16739427309402122,5.063647297678288,6.385830406302603
rxNLB025,Nortriptyline,1.888546945623887,0.635807721544954,0.12497650917709623,5.087417833410529,6.440127402640848
rxHJX000,DHEA,0.16067789769098637,-1.8283535534017281,0.3591349185377777,-5.090993548736203,6.448315659561403
rxLL,"Eye, Ear, Nose Throat - Mouthwashes/Gargles",6.445966008410897,1.8634545100952742,0.35827660572911113,5.201161561478594,6.7032320699849155
rxLLX000,"Mouthwash Prep, Misc.",6.445966008410897,1.8634545100952742,0.35827660572911113,5.201161561478594,6.7032320699849155
rxMCX007,Tamoxifen,1.2994850443580295,0.26196806626675556,0.049076762746552566,5.337924744947806,7.026796088113378
rxBAD013,Chelated Iron,4.112220514212621,1.4139631537122206,0.26282828128031643,5.37979834903754,7.127439828571694
rx8AX003,Potassium Acid Phosphate,7.626947290056473,2.0316876721914543,0.37603600686731464,5.402907261772783,7.183299027755467
rxNLN015,Triflupromazine,6.890648197672209,1.9301651586371114,0.35672087022399573,5.4108557131100925,7.202564202991182
rxSAK008,Ivermectin,0.44576973963270683,-0.8079527391303198,0.14804698954460754,-5.457407419195635,7.31592977821766
rxLMX005,Scopolamine,6.401665309426635,1.8565581611161928,0.34005093141150694,5.459647334032765,7.321407615083282
rxNLN018,Aripiprazole,6.501722659111059,1.8720671662674324,0.3396972937214364,5.510986401329981,7.447540716912817
rxIFX004,Chloroquine,0.4734787690147533,-0.7476482057672876,0.1349195030991171,-5.541439069917388,7.52288459178355
rxSAX001,Halcinonide,2.171984153283879,0.7756411061352575,0.13866557117639755,5.5936098597146255,7.652872261909263
rxNLN010,Amisulpride,18.005898198254634,2.8906993819023716,0.5137105458224931,5.627097604691223,7.736915636116517
rxCBD011,Timolol,6.274480410589969,1.83649067849625,0.32467134247638363,5.6564606672356215,7.810997398817842
rxLFX013,Beclomethasone,1.6781351969965246,0.5176831751191411,0.09123359893469835,5.674260153758482,7.856082188482013
rxTIX007,Frovatriptan,0.3998438847638276,-0.9166810961468055,0.16104522517040604,-5.692072491915497,7.90133363285215
rxIDB013,Ketoconazole,1.6852668499489738,0.5219239191876891,0.09163953284920878,5.69540135092685,7.90980532949541
rxIIX007,Ofloxacin,4.648447248633544,1.5365332388088448,0.2673787458353079,5.746654372278615,8.040832030160638
rxIHX008,Saquinavir,0.3613938782060548,-1.0177868400763461,0.17023084850451334,-5.978862521203737,8.648394840256877
rxTIX002,Almotriptan,0.29895735639386634,-1.2074543365190578,0.2015078952686054,-5.992094428407129,8.68370336062474
rxBFC008,Factor XIII,0.1537972387423927,-1.872120175632276,0.31010237419146086,-6.037103651700542,8.804363400874651
rxQHX056,Osilodrostat,0.17278371899343514,-1.7557146458390418,0.2894544642639565,-6.065598781844966,8.88119669442223
rxCBA004,Trandolapril,1.85348372089003,0.6170669606674796,0.10170664634608775,6.067125235530054,8.88532226713114
rxVEX003,Vitamin B S W/Iron/Other Min.,2.5700924520385726,0.9439418718159605,0.1547980224316742,6.097893609930345,8.968691621993356
rxGBX001,Paregoric,11.28963002840428,2.4238846077755825,0.394366589530309,6.146272712053096,9.10059069779113
rxCGX001,Vardenafil,1.2403072566563549,0.21535913654875466,0.034865702923044535,6.176819008183906,9.18438261229766
rxIIX000,Norfloxacin,13.83846641928903,2.627452136195041,0.4227582000860054,6.215023471243173,9.289738969883128
rxGIX004,Misoprostol,1.4518101508178276,0.37281115772859846,0.05984606971733083,6.229501109922278,9.329825782090618
rx8HO005,Indapamide,8.102771405990978,2.0922061520465856,0.3351944441080929,6.2417685878226985,9.363862484821505
rxNGX014,Doxepin,3.5013495211609738,1.25314847165404,0.20046997033914313,6.251053310049571,9.389666045770683
rxSAX018,Amcinonide,3.0488823702908,1.114775087495025,0.1778529223616018,6.267960473702644,9.436747268254043
rxCBC013,Lidocaine,25.51204389587982,3.2391506503036354,0.5097190974112163,6.354775928064645,9.68041390270026
rxKAX015,Clemastine,4.039999162138756,1.3962444845816402,0.2190775781833561,6.373287929141973,9.732786015813765
rxHDX000,Dulaglutide,1.4712383068825843,0.3861044318174078,0.06038970941222358,6.393546774365762,9.79026666162271
rxVDX002,Isotretinoin,0.14937201887542595,-1.901315313814836,0.2973667203205328,-6.3938402783115755,9.791101008106711
rxTAX005,Methscopolamine,2.779063271463593,1.0221139182102879,0.15872877545673247,6.4393738014371795,9.92093686419245
rxSAC014,Tioconazole,12.719310058050516,2.543121315721596,0.3925592113020403,6.478312678707938,10.032667227506941
rxLDA000,Besifloxacin,3.5603158640258754,1.2698492667779986,0.19412847640288497,6.541282815935845,10.214716925167872
rxDDX007,Glucose Meter,1.3500317167092908,0.3001280860330956,0.04513738456962609,6.649213039141355,10.53067248819988
rxLFX023,Ciclesonide,1.4994502546661952,0.40509854404256246,0.060553877178761796,6.6898861462935955,10.651026554273756
rxHCE002,Canagliflozin,0.5687696113580156,-0.5642798278028516,0.08413236908948335,-6.707047880735208,10.702018272678183
rxHAX009,Flunisolide,5.1520600992818935,1.639396653967301,0.2443734334081751,6.708571513291419,10.706552713844564
rxHFX015,Ospemifene,0.2161255918416188,-1.5318955965596728,0.2251339890953041,-6.804372821338799,10.993577057420637
rxSAX010,Prednicarbate,3.5962579565972996,1.2798938483517466,0.18589099548565613,6.885184755764605,11.238736785286607
rxVCB002,Multivitamins With Iron,4.251864088994283,1.4473574959505637,0.21006495354484284,6.89004744259539,11.253574718424572
rxTIX005,Naratriptan,0.31528121816222904,-1.1542902823556156,0.1673249650462031,-6.898494089252514,11.279379864872384
rxLJX005,Sodium Chloride,18.175685032741484,2.90008471364418,0.419345460806909,6.915741279430582,11.332147776553017
rxNLN024,Pimavanserin,18.50936225793081,2.9182766720713165,0.41914831817415277,6.962396234305767,11.475561811430456
rxLFX008,Rimexolone,10.104429568368902,2.3129738988286412,0.3315277166574423,6.976713507240688,11.51976547392251
rxIDB004,Terbinafine Hydrochloride,1.977134815614303,0.6816487338788378,0.09588339952013193,7.10914232589049,11.924477991427885
rxNAH017,Ibuprofen,1.2132462183983845,0.1932995923796287,0.026567440873263196,7.275807756634948,12.455146840997704
rxNAI005,Codeine,5.2633545521910134,1.6607685710398923,0.22749145315564567,7.300355894705299,12.534308779642519
rxNLN013,Pimozide,12.895535944278697,2.556881200647112,0.34603675802521,7.389045069197054,12.822450500125983
rxIDB002,Nystatin,2.2861245432857347,0.826858044765989,0.11137287662344977,7.424231732485326,12.937697312933043
rxHDX010,Albiglutide,1.3792228768151793,0.32152020780769497,0.043104000077642556,7.459173330283632,13.05266390551163
rxNAH012,Fenoprofen,1.3835075025885226,0.3246219431347458,0.042894022981861034,7.567999468644419,13.414065863130489
rxNLB021,Trazodone,2.1359683136642866,0.7589200865610851,0.09932627331482033,7.640678153258044,13.658239659383593
rxIFX002,Mefloquine,0.4382582441798676,-0.8249469437664737,0.10732388220141312,-7.6865179198261595,13.813403982345971
rxLFX015,Fluticasone Furoate,1.367131766447411,0.31271494406022626,0.040627881561624134,7.69705266532054,13.84919011283325
rx2EX011,Hepatitis A Vaccine,2.067642584821864,0.726409110385078,0.09431977952779003,7.701556492411558,13.864503901717017
rxSAE001,Acyclovir,1.6188678278515518,0.4817270332230546,0.06252688242801628,7.704318758857682,13.873900368888881
rxNM,Central Nervous System - Stimulant,0.8267014557887978,-0.19031164576122814,0.024380917361282086,-7.805762307510667,14.221240409866725
rxNGE007,Triazolam,3.816178289976946,1.3392494741866876,0.1713563946046171,7.81557920424758,14.255086457826469
rxTAX014,Umeclidinium,5.523006724349859,1.7089224084359371,0.21738448618144357,7.861289636876648,14.413226030158821
rxTD,Autonomic Drugs - Autonomic,0.8068708163227865,-0.21459170243227252,0.027162589131985018,-7.900266848257935,14.548776559258322
rxSAX012,Clocortolone Pivalate,2.2800638530089516,0.8242034482798775,0.10406138280447536,7.9203584083492595,14.618902281527127
rxTDB000,Nicotine,0.7927370241772623,-0.23226373381209878,0.028772520804229717,-8.072415183655188,15.155221678558167
rxIDD006,Ceftolozane,2.2219601466756735,0.7983897552670642,0.09838351045098044,8.11507692302626,15.307469796987071
rxVCB000,"Vitamins W/Iron, Misc Preps.",2.8539148034909068,1.0486916669941173,0.12916781651835885,8.118830953878243,15.320904170455853
rxTHX021,Levalbuterol,2.3130845995961464,0.8385819582813122,0.10306396185942791,8.136519721850783,15.384287246733813
rxLHX039,Metipranolol,19.388730006074105,2.964691969743558,0.36257585540752224,8.176749569855804,15.528938728064821
rxTBX002,Trihexyphenidyl HCl,10.929869259209681,2.3914993404709484,0.2897843478854872,8.252686378409875,15.803866038449849
rxCBA007,Captopril,2.8696133428120625,1.0541772969366057,0.1275128038095374,8.267227019109416,15.856791526731548
rx8HF001,Furosemide,31.52779358160884,3.450869492726156,0.41468941477061666,8.321576027290176,16.055413942079575
rxNAH013,Piroxicam,1.5175683881483812,0.4171093092611876,0.05009723577942688,8.325994493941305,16.07161711820153
rxIDA007,Streptomycin Sulfate,10.363683222508085,2.3383076970559813,0.27988347768462607,8.354575684138085,16.176630462809236
rxNLN017,Paliperidone,6.243940666322787,1.8316115000972721,0.21545276709596442,8.501220591339434,16.720935522976184
rxLA,"Eye, Ear, Nose Throat - Anesthetics",1.530039823035824,0.42529376319360784,0.04960934972417325,8.572855027494425,16.990170722502366
rx8EA007,L-Carnitine,4.6610162287637555,1.5392334992047,0.1788159562698237,8.60792029589395,17.122763509113334
rxVLX005,Vitamin B12,2.8252994838142276,1.0386143709491706,0.1188122313930941,8.741645188977905,17.633254983649064
rxIDB009,Posaconazole,6.411917490723777,1.8581583667175046,0.20694690801851384,8.978913405902496,18.55788666895793
rx8I,"Electrolytic, Caloric, Water - Electrolytic/Caloric/Water",6.964999734836249,1.940897569160878,0.21390831048414444,9.07350240281919,18.93322976611072
rxNEX002,Valproic Acid,14.011407302409225,2.639871805154933,0.28710141271409867,9.19491053770526,19.420620551859326
rxNMA012,Dexmethylphenidate,1.5818428243680445,0.4585905119242437,0.04939915924243157,9.283366740588894,19.779709678344734
rx2EX001,Influenza Virus Vaccine,0.8790457251277859,-0.12891836316439087,0.013684882412790386,-9.42049476756184,20.343022257158584
rx2DX001,Diphtheria/Tetanus Toxoids,8.461230597547116,2.1354946237427184,0.22547844377517753,9.470948033826241,20.55231263231392
rxSAX006,Flurandrenolide S/M,2.0486745601356446,0.7171930280114351,0.07558921565959091,9.488033732764844,20.623435351740387
rxTHX005,Pseudoephedrine,0.7003428966342269,-0.3561852115426109,0.037360291314346844,-9.533791065644905,20.814527107831786
rxSAC004,Butoconazole Nitrate,5.782569724050545,1.7548481728199883,0.1805411587107124,9.719934143282224,21.60116914763333
rxKAX026,Fexofenadine,1.179356929606927,0.16496931501538947,0.01668494132216367,9.88731766148019,22.321246528583167
rxHAX007,Prednisolone,2.832339948770425,1.041103207035076,0.10494422185168986,9.92053863152554,22.465594039146914
rxNLB026,Selegiline,1.1800538840052845,0.165560101846244,0.016535299874218885,10.01252490766001,22.86775669058183
rxLBX000,Alcaftadine,2.6425257316072828,0.9717351763145741,0.09690039910154061,10.02818549071512,22.936586929549808
rxTAX009,Glycopyrrolate,2.725728500405437,1.0027357319846701,0.09994939373856385,10.032434359807237,22.955279431700912
rxIHX011,Oseltamivir,3.903818734323751,1.361955236715669,0.1340088062517404,10.163177143427328,23.53426479051751
rx8NX005,Sodium/Potassium Phosphate,10.860307123292955,2.385114594335465,0.23370480241515748,10.205672154303889,23.724034016683166
rxKAX009,Levocetirizine,1.3848087303623906,0.3255620292811267,0.030982274703524798,10.508009253564849,25.09660056317417
rxNEX007,Zonisamide,3.02854714568354,1.1080830146558294,0.10534609499357106,10.518501086570435,25.14493809492364
rxNMA005,Dextroamphetamine,0.3525107500280004,-1.042674160661489,0.09906345491324364,-10.52531593587794,25.176360561366764
rx8NB009,Dicalcium Phosphate,25.761028060743463,3.248862809630154,0.3073309305635291,10.571219771706557,25.388538497015475
rxLDB001,"Neomycin/Polymyx/Hydroco,EENT",3.5256810777508836,1.2600736311472487,0.11817626188250908,10.662662797711564,25.813911799958127
rxSAC031,Haloprogin,1.5037377708727082,0.4079538558532066,0.03824834866458253,10.66592075466428,25.82913351972433
rxNAJ002,Pentazocine,3.337161183030724,1.2051205003800058,0.11293689630049622,10.670742156517992,25.851668299919833
rxNAH003,Celecoxib,1.115452942586031,0.1092605489589786,0.01023505196135317,10.675133782567855,25.872203056958
rxNEX014,Lacosamide,26.763760207587723,3.287048741367197,0.30711576445475836,10.702963252970417,26.002523587376594
rxNLB011,Protriptyline,4.175895781634297,1.4293288937637219,0.13311654467552003,10.737424842627949,26.16436324080114
rxBFA024,Danaparoid,5.982913029160173,1.7889075779760124,0.16479231093213864,10.855528197020572,26.722882997676912
rxLMX001,Homatropine,5.098021272026906,1.6288524785672085,0.14887754711244006,10.94088739477293,27.13029235864899
rxCBD001,Bisoprolol Fumarate,3.6525938972419496,1.2954375719760594,0.11836681649359188,10.944263015185438,27.146468292972664
rxIHX023,Valacyclovir,2.855122488577461,1.0491147453671543,0.09558280435548154,10.975977870092583,27.29868516088802
rxSJX002,Selenium Sulfide,2.191316242847754,0.7845023874171374,0.06930288496266182,11.319909522378502,28.977226697547877
rxTIX003,Zolmitriptan,0.33286735310374965,-1.1000112073875374,0.09594295188967084,-11.465263322859718,29.70194021301475
rxSCX006,Doxepin,3.765225337222694,1.3258077099848415,0.11487556148075746,11.541251184281911,30.0844293179335
rxKAX004,Brompheniramine,0.6576683016058776,-0.41905457566131804,0.036200434658716724,-11.57595425612973,30.259937004003454
rxICX018,No data,0.5147436770612926,-0.66408621666344,0.056755676215314396,-11.700789435475874,30.895572367081986
rxLFX000,Dexamethasone,4.832234244741954,1.57530893726006,0.13230797483001788,11.906379334155265,31.957038346123767
rxSAX004,Diflorasone Diacetate,2.67595519532425,0.984306398973441,0.08038630075233767,12.244703261143869,33.74349292124879
rx8NG000,Magnesium Carbonate,0.4900900217813961,-0.7131661868303188,0.05594164349078855,-12.74839533357203,36.49462893090833
rx8NL005,Potassium Supplements,21.872848294723294,3.085246063735863,0.24105959555325474,12.79868597080705,36.77532500626478
rxTIX004,Eletriptan,0.29641916709077626,-1.2159807213528147,0.09495235107754861,-12.806220252089494,36.817471455530956
rxNGE004,Midazolam,5.102044126301424,1.6296412685064885,0.1271836393780647,12.813293254348812,36.85705982782163
rxVEX000,B-Complex/Iron/Vit. C,4.468321631406188,1.4970128641591338,0.1160246136150082,12.902545567843976,37.35847040018744
rxNGE012,Clorazepate,4.438552354666908,1.4903282770333077,0.11362772079144438,13.115886393327377,38.57093219332696
rxKAX019,Cetirizine,1.8296017127528452,0.6040982998611324,0.046031580586262666,13.123561958274689,38.61492028976802
rxILX009,Fosfomycin,40.25254808551359,3.6951733083331897,0.28079963037117495,13.15946642610863,38.821023950215704
rxLDG001,Sulfisoxazole,1.8240813335337578,0.6010764814111582,0.04556484090275116,13.191672998354875,39.00637404053355
rxBFA004,Sodium Citrate,20.68917101071532,3.0296104238071018,0.2289780596673563,13.231007495688946,39.23335316926406
rxIDD010,Cephalothin Sodium,2.6313608173976664,0.9675011334373036,0.07266318604774308,13.314873542726444,39.71953179154277
rxIDD022,Cefditoren,1.7800505518778982,0.5766417638321268,0.04330705362250559,13.315192690284075,39.72138771829072
rxNLN025,Brexpiprazole,51.734613606862055,3.9461270663301162,0.2914763989415735,13.538410247483256,41.030230979828595
rxCBA005,Moexipril,2.6207839718576382,0.9634734989137264,0.07058537911918225,13.649760204403199,41.691180238080904
rxLFX018,Flurbiprofen,29.539464699406118,3.385727155727334,0.24663573074510542,13.727642566220203,42.156656171581425
rxNLN023,Promazine,6.811421676279654,1.9186008614101104,0.1383014539831638,13.872600801750592,43.02999871143451
rxSNX001,Isopropyl Alcohol,6.410842902445735,1.8579907603289254,0.13340954597016014,13.926970119098556,43.3599032939479
rxLFX021,Flunisolide,2.251216811760047,0.8114708752605715,0.057925897019781535,14.008775297574699,43.85869094224127
rxNMA015,Dexfenfluramine,0.5125767128443695,-0.6683048955722762,0.04756980744294435,-14.048930014565375,44.104582790903216
rxLFX016,Budesonide,1.8868611048465922,0.6349146573427247,0.04514879467439131,14.062715559112199,44.18916074762026
rxLDC001,Trifluridine,4.422492824978545,1.4867035246601075,0.10516403161738301,14.136996288513952,44.6463059747547
rxVE,Vitamins & Comb - Vitamin B w/Iron/Other Min NEC,3.7437955911378924,1.3200999607407988,0.09259981403956023,14.255967729879343,45.38345845953266
rxLBX001,Epinastine,2.9317873652192983,1.0756122593001778,0.07289429242623306,14.75578160510532,48.5471620835026
rxNLN020,Clozapine,9.242436360759491,2.2238055263042136,0.15043336907326202,14.782661187500267,48.72036327290776
rxLHX017,Betaxolol,38.64819983024185,3.6545001977583476,0.2456825122935859,14.87488939949983,49.317019178969765
rxHAX006,Hydrocortisone,3.074269744419143,1.1230673915655773,0.07455208753891794,15.064197779563312,50.553241223646026
rxTHX027,Olodaterol,6.519641985144411,1.8748194641770137,0.12406514816393957,15.111572362768866,50.865030864024725
rxTCX001,Aclidinium,22.578521760131384,3.1169990897995263,0.20441586741351545,15.248322594713793,51.77047840481132
rxHOX004,Norethindrone,0.06947112633476768,-2.666844061154604,0.17239971245058489,-15.468958870328766,53.2483995288896
rxLHX008,Levobunolol,12.098534287342318,2.493084311987973,0.1605975012316735,15.523805120675688,53.61905151764488
rxHFX007,"Estrogens, Esterified",0.3631393576058842,-1.0129686131396822,0.06466337824479723,-15.665259697766949,54.58100894371334
rxTBX001,Benztropine Mesylate,17.450388609951894,2.8593619183117487,0.1818102859441114,15.727173539514252,55.00477507821436
rxBFA018,Lepirudin,4.605876547127229,1.5273329984182002,0.0964591553048532,15.833986868236185,55.73975116589702
rxNEX004,Topiramate,1.6102748497503956,0.4764048785570531,0.029915836752901808,15.924838823398188,56.368782028335986
rxIGX006,Rifampin,3.1181824630041532,1.1372502881678372,0.06951981308371329,16.35864996930301,59.42158792984207
rx8HM002,Amiloride,4.6311929867476165,1.5328144994326636,0.09260829643748968,16.551589419067966,60.805496423113425
rxKAX024,Desloratadine,1.9418641862332038,0.6636484324252169,0.039311677181804096,16.8817125088826,63.2107501033286
rxIDD003,Cephapirin Sodium,27.837571273967786,3.3263865929382788,0.19591274289262678,16.97891900151365,63.927977969767326
rxTHX026,Olodaterol/Tiotropium,4.743404724728068,1.5567551742117582,0.09145453103075728,17.022176557749802,64.24846412047829
rxSAC025,Econazole Nitrate,3.3253570787893376,1.201577060458791,0.0704182577618592,17.063430687568133,64.55486176683902
rx2EX028,Vaccines,0.43049270504952253,-0.8428249005552011,0.04928281861528955,-17.101799861214154,64.84049374176787
rxSAX017,Alclometasone,3.2471523905732087,1.1777784247490637,0.06868693532344874,17.14705160745448,65.17818058691223
rxNGE010,Quazepam,3.211209717914517,1.1666477253117467,0.06757575999760781,17.26429307421842,66.05720669177235
rxVF,Vitamins & Comb - Vitamin Bs w/Vitamin C,17.51571757001118,2.8630986246947003,0.16467879468214042,17.385958102383455,66.97568930920112
rxVFX000,B-Complex/Vitamin C,17.51571757001118,2.8630986246947003,0.16467879468214042,17.385958102383455,66.97568930920112
rxNAH024,Tolmetin,2.430354246271171,0.8880370270860398,0.050966746963361696,17.42385143247263,67.26306499328835
rxHAX012,Beclomethasone,1.9936736763540588,0.6899790053657544,0.039559229399828554,17.441669512620606,67.39840871089118
rxNAI016,Oliceridine,6.603457707337556,1.8875934068984241,0.10790924030850531,17.492416789349278,67.78463121922772
rxNGE001,Lorazepam,9.811611404970414,2.2835665215527086,0.1302558750196379,17.531389821828988,68.08200024848439
rxTB,Autonomic Drugs - Antichol/Antiparkinsonian Agnt,14.9785834529442,2.7066214110639617,0.15401288382835027,17.573993446421877,68.40782337361023
rxDDX010,Lancet,1.453767542492135,0.37415849184044836,0.021234629889291156,17.620203120617628,68.76211306526152
rxCBD000,Betaxolol,2.680082311917831,0.9858475074532943,0.055415453718501866,17.790118844125676,70.07280611243165
rx8F,"Electrolytic, Caloric, Water - Caloric/Nutrition/Dietary Misc",3.950198343760491,1.3737657912626202,0.07715156787280975,17.806064466860583,70.19644869720283
rxBAD010,Iron Aspartate,8.245467134679272,2.1096636111294047,0.1177150463381763,17.921783805518643,71.09703618855775
rx8NN000,Sodium Chloride Preparations,12.106985958892059,2.4937826379737174,0.13786587539465317,18.088469179447383,72.40445756431266
rxNAI014,Hydrocodone,4.45928314225187,1.4949880226766512,0.08165129553388695,18.309421949786465,74.15607515563103
rxNAH023,Ketoprofen,1.2330018915728393,0.2094517583033657,0.011366081806143978,18.42778909000512,75.10313388790478
rxNAJ003,Nalbuphine,4.2747289077215855,1.4527206869795495,0.0780502200247148,18.612640509143237,76.59427058644818
rxRAX004,Hydrocodone,1.2998054017687835,0.26221456231559337,0.013996974881722905,18.733659560823405,77.5785068916367
rxLDB010,"Neomy/Bacitr/Poly/Hydroco,EENT",2.6862507328849015,0.9881464418028015,0.051943759123254614,19.02339103833592,79.96063404597773
rxGJX001,Cimetidine,3.608485981304561,1.2832882886132808,0.0673940429005456,19.041568562774142,80.11129881270563
rxLMX003,Cyclopentolate,5.879025884275836,1.7713910822469343,0.0928294257239922,19.082215239742776,80.44871735954214
rxIEX015,Rifaximin,3.4481739631596873,1.2378448048812967,0.06389455989735085,19.37324252440182,82.8855132219389
rxNAI013,Oxymorphone,3.508194481656318,1.2551015124419598,0.06458977078312919,19.43189296423067,83.3810397309224
rxSAX014,Halobetasol Propionate,2.4192587235935004,0.8834611806806497,0.044945693124350074,19.656192156974882,85.28984636325009
rxIDG006,Bacampicillin,3.65646023695045,1.296495531049324,0.06503857395829449,19.9342551987793,87.68644283794384
rx8JX000,Sodium Chloride,8.452405971337233,2.1344511311768604,0.10477462737887343,20.371832232421255,91.52570275062264
rxCBA003,Fosinopril,3.193047509180263,1.1609757927889612,0.05650306743440447,20.547128598580265,93.08700904549498
rxTAX013,Clidinium,3.0707335140306182,1.1219164627116296,0.05392002802591831,20.80704524434494,95.42650543701266
rxKAX003,Diphenhydramine,9.06519352631507,2.204442192717496,0.10439998069760624,21.11535057753168,98.23949930816175
rxCBA001,Perindopril,6.812075736040664,1.9186968807716176,0.08931767045776882,21.481716562220637,101.63579512235296
rxKAX011,Loratadine,3.2375384522523802,1.1748133040987159,0.05459836221171781,21.517372619037637,101.96944074637668
rxLFX004,Hydrocortisone,3.2320257918480295,1.1731091207780069,0.0544864071313148,21.5303078793718,102.09061648555266
rxTHX024,Salmeterol Xinafoate,45.10187090319541,3.8089237290893583,0.17603775116140474,21.6369710698988,103.0925867147597
rxNAH016,Meloxicam,1.6894049940612963,0.5243763924222541,0.023332028377518545,22.474530886800835,111.13180751911577
rxNEX006,Oxcarbazepine,6.886252615697452,1.9295270496482388,0.08494941273426324,22.713836241389217,113.48459816442393
rxVCC000,Multivitamins With Minerals,6.99333902931787,1.944958128787489,0.0854049367065876,22.773368891654098,114.07376401060364
rxKAX005,Cyproheptadine,6.939423006896393,1.9372186308457158,0.0841199064451036,23.029253273242034,116.62362039104974
rxVCD002,Vitamin D & K,4.824276764586393,1.573660830205848,0.06746965306591537,23.323979873861795,119.59570692051615
rxSAX016,Fluticasone Propionate,3.14709499526102,1.14647980360095,0.04912487159561672,23.338072270976628,119.73876096231164
rxLFX014,Mometasone,1.466682088932914,0.3830027673823539,0.01631987980951794,23.468479661166516,121.06663038596277
rxSAE002,Penciclovir,2.159403165416397,0.7698318712075711,0.031032412465849805,24.807348511971053,135.12603825881348
rxSLX017,Diclofenac,2.4621053495653404,0.9010168170845356,0.03625712058509537,24.850754901229717,135.59485380736317
rxIHX026,Efavirenz,1.438152100155983,0.36335902571928624,0.014564926225627611,24.947536299905213,136.64309349492933
rxCBD003,Acebutolol,2.259158090821213,0.8149922176937738,0.03174967914150811,25.669305634912373,144.5886687096791
rxCBA009,Quinapril,1.9432719877374203,0.6643731439940231,0.02571110400425584,25.839930634019158,146.50000165420454
rxHAX001,Triamcinolone,2.042309562488401,0.7140813059453596,0.0275485477705444,25.920832992469872,147.41067807012968
rxVLX000,Vitamin B Complex,6.35168794523889,1.8487205957290727,0.07119022759130685,25.968741192152375,147.95129417564854
rxNEX013,Lamotrigine,3.0661982900456852,1.120438452215399,0.043008176001134026,26.051754721843018,148.89040998527852
rxIDF004,Troleandomycin,1.5437003686444832,0.43418237101141044,0.016655201630520214,26.068875096401282,149.084461143552
rxNAH009,Nabumetone,1.79445136591186,0.5846993294895113,0.022388023042442175,26.116612814854864,149.62621641197995
rxNLB008,Amoxapine,1.6920893776504182,0.5259640834593705,0.019917874749229948,26.406636756248556,152.93881654284846
rx8HO002,Methyclothiazide,4.847219291524028,1.578405198572235,0.05784321778409397,27.287645104112325,163.22524374871168
rxHAX013,Mometasone,2.7324434257232193,1.0051962366358203,0.03668015861830509,27.404359045878852,164.61321753260918
rxIHX021,Acyclovir,2.8543406386272756,1.0488408667422633,0.037891438373544854,27.680154456066937,167.91647943683608
rx8GC002,Acetazolamide,4.1744036872077706,1.4289715186904146,0.051001498924856205,28.01822591127783,172.01064116555847
rxNLN007,Asenapine,15.188007637102462,2.7205061452073585,0.09634502414398553,28.237121422499428,174.6879814195737
rxICX005,Trimethoprim,12.970903368406884,2.56270864651249,0.09006989798536726,28.452443089575024,177.34188652042778
rx2EX005,Pneumococcal Vaccine,4.378876743225103,1.4767922401806226,0.05186129600660678,28.475806697782662,177.631059534273
rxGED002,Danthron,1.8399968840323004,0.6097638781587541,0.020647736107866167,29.5317547150582,190.94778606924254
rxLFX011,Diclofenac,15.257891922547444,2.7250968723127267,0.09203721371170993,29.608641574576605,191.93630971859594
rxSGX012,Urea,3.277040180027986,1.186940630864575,0.040083125030250744,29.611978356697254,191.97926832327727
rxNEX001,Carbamazepine,5.379002362209087,1.6825029224449572,0.05643127228724661,29.81508043768137,194.6031518180132
rxILX000,Methenamine,4.293278451003193,1.4570506487749624,0.04766021304961203,30.57163523919294,204.53459288468454
rxTAX010,Hyoscyamine,2.381833902478825,0.8678707382242681,0.028109507828152212,30.87463300780666,208.58174119420028
rxNLN028,Haloperidol,23.178122080586885,3.143208819987244,0.10169788570799934,30.90731727709857,209.0206856682977
rxLMX000,Atropine,15.996650453383543,2.772379353660181,0.08912578328610415,31.10636733211668,211.7039017023592
rx8G,"Electrolytic, Caloric, Water - Diuretic",4.62751405558182,1.532019802863781,0.04916130419773008,31.1631236775553,212.47213272373224
rxSHL006,Protein Hydrolysate,22.95691533068841,3.133619212716942,0.09976454905176965,31.410147617575557,215.83202747074893
rxNLB027,Desipramine,1.7980145549203683,0.5866830310780476,0.01862871200349713,31.493483337329543,216.97148994767366
rxNLN026,Fluphenazine,4.848410293887091,1.5786508767633336,0.05010930137134758,31.504148602359155,217.1175352834283
rxHAX004,Dexamethasone,2.2199418190945015,0.7974809879256731,0.025119567074622356,31.747401758820413,220.46193341683218
rxIDD011,Cefonicid,12.864132140168108,2.5544429844740355,0.08042161879438298,31.76313810599955,220.67917077526255
rxNEX005,Primidone,18.88112638727845,2.9381628192808855,0.09185835543028455,31.985798194599617,223.76446715955217
rxLDA010,"Neomycin/Polymyx/Gramicid,EENT",5.818877867763045,1.7611074369275557,0.054456045191179865,32.33998045111066,228.71652604448832
rxNCF004,Phenytoin,8.365329520259213,2.1240957264016123,0.06462040361396279,32.87035684720871,236.23385032893896
rxLDA020,Gatifloxacin,2.856496098089494,1.0495957332054255,0.031757216310123355,33.050621406979,238.81663313449735
rxNAI002,Sufentanil,3.2985041821566172,1.1934690875764884,0.03599636363762028,33.15526811517089,240.32245173143602
rxNEX011,Divalproex Sodium,7.353720521535032,1.9952063785582077,0.05942089065255881,33.57752394228526,246.44679019223042
rxIHX024,Ritonavir,1.9891531133656613,0.6877089769822547,0.02021351559981807,34.022234953945585,252.98046227948655
rxVC,Vitamins & Comb - Multivit Prep,4.599736309844973,1.525998977905224,0.04449956595561306,34.29244634492302,256.9923067857828
rxCBD006,Pindolol,2.590088778646361,0.9516921525936247,0.02748745833490156,34.6227774499338,261.9397928592871
rx8HO004,Hydroflumethiazide,3.7772591715054795,1.3289986597255345,0.0380637606837164,34.91506450895898,266.35696393371484
rxCBB000,Labetalol,6.485849900394357,1.8696228655258171,0.05331656975409008,35.06645071408391,268.6593520169008
rxNLB016,Sertraline,3.55748456942058,1.2690537134940603,0.036173867234135085,35.08205814103645,268.89728626219613
rxCBA002,Benazepril,2.969207962113724,1.0882952378263393,0.030968132786619102,35.142423514038164,269.8185476448891
rxGE,Gastrointestinal Drugs - Cathartics & Laxatives,1.3754608131241572,0.31878881179030427,0.00900673998929027,35.39447260266973,273.68226014638935
rx2BX000,Dipth/Tetanus/Pertussis,4.80488530222088,1.5696331716318106,0.043773144388232973,35.85836004172816,280.86534673414025
rxCBD008,Esmolol,2.865594706203396,1.05277590496198,0.029052951629575004,36.23645261193657,286.78901287984417
rxLDA009,Chloramphenicol,2.788271850174523,1.0254219953809551,0.028228740874910594,36.32545992486471,288.1925326533847
rxSAB018,Oxytetracycline,12.593084892117945,2.533147845215785,0.06951926514519305,36.43806993536584,289.97316007861275
rxLHX019,Olopatadine,2.0674582781474515,0.7263199678559634,0.019904265145981776,36.490669840307625,290.8067730892076
rxTI,Autonomic Drugs - Vascular 5HT1 Agonist,0.36363978486662857,-1.01159150333951,0.027487888992272398,-36.8013529021416,295.7550258389226
rxBFA020,Bivalirudin,29.546514076437095,3.385965769937015,0.09030442809839469,37.49501371347709,306.95413956537965
rxRAX000,Codeine,1.838541067075449,0.6089723587821935,0.015738524834427448,38.693102764630694,326.7890319364376
rxIDD019,Ceftriaxone,3.646906420699483,1.2938792522430156,0.03325743666398976,38.90496027446374,330.36124588920467
rxLFX001,Fluorometholone,4.53773364695722,1.5124276907076413,0.03806880563996871,39.72879278145077,344.4373707991436
rxSAX015,Mometasone Furoate,2.792218989556414,1.0268366164791654,0.025737678664947472,39.89624044368964,347.33442714077745
rxSAX005,Fluocinolone,3.6379269486919377,1.291413999820639,0.032296326554847835,39.986405191546204,348.8994319447339
rxIH,Anti-Infective Agents - Antivirals,1.5043135661474114,0.40833669192694605,0.010074517534307142,40.53163742446439,358.43830174098673
rxLDA013,Moxifloxacin,3.527832838561077,1.2606837556617738,0.03084529845421564,40.871180336706246,364.4438201832948
rxLBX002,Azelastine,2.1701093050587197,0.7747775372785939,0.018819721506580938,41.16838482480558,369.74156529017847
rxSAX009,Desoximetasone,3.3718425635734675,1.2154593497179162,0.029383513599106053,41.365350866510894,373.2736582536616
rxVB,Vitamins & Comb - Folic Acid & Derivatives,2.9865448472383727,1.0941171497318771,0.026298988570473344,41.603012480878256,377.55794142848634
rx2EX032,Adenovirus Vaccine,3.426094943915289,1.2314211122777992,0.029340955513609566,41.969359576807726,384.21003658290516
rxCBD002,Carteolol,13.859104391490035,2.628942373455298,0.06210514162641875,42.33051088216147,390.8248072944768
rxIDD013,Cefdinir,1.9985934238375993,0.6924436450556691,0.015958476379270566,43.39033555578816,410.5631712739916
rxNEX008,Levetiracetam,23.369113669852105,3.1514152218517597,0.07194924488571391,43.80053226211826,418.3336170616729
rxLDA019,Ofloxacin,14.968590205111141,2.7059540193215494,0.06097889671356079,44.375253819897104,429.34354613795443
rxGEE000,"Laxatives, Misc.",1.6476182723288115,0.49933077378826746,0.01118210350178057,44.65445823397691,434.7440051767202
rx8HF000,Ethacrynic Acid,23.09333702846494,3.139544135594643,0.0697634073871225,45.00273500365416,441.52791426310847
rxSNX006,Chlorhexidine Gluconate,2.0137289468361645,0.699988200748581,0.015412890624687032,45.41576384298742,449.64134289316996
rxNLN021,Chlorpromazine,8.348066643458887,2.122029972347786,0.04611721515628376,46.01383594296773,461.5209599905108
rx8HF005,Bumetanide,23.058446807911846,3.1380321581888033,0.06805175650173005,46.11243441025694,463.4943485304953
rxVL,Vitamins & Comb - Vitamins Bs & B Complex,4.5518332949544975,1.515530073779622,0.03242808657076187,46.735106324345054,476.0542278699957
rxSAX007,Desonide,3.276976754214558,1.1869212760737446,0.025269871535673172,46.969818362478904,480.8322691119641
rxNLB018,Vilazodone,2.783921094684185,1.0238603996438613,0.021729605488214704,47.118223117265686,483.8656905387331
rxSN,Skin & Mucous Membrane - S/MM Soaps/Cleanser/Antiseptic,2.0576402927963326,0.7215598372937753,0.015238133722948615,47.35224473106617,488.668561929519
rxSAC002,Luliconazole,3.4997240862574834,1.2526841328900615,0.025837976878610662,48.48228399519412,512.1951514795921
rxNDD001,Clonazepam,2.5809190831098547,0.9481455692608535,0.01924613998331259,49.26419375952504,528.7984300643894
rxKA,Antihistamines & Comb. - Antihistamines & Comb,1.5912546103075595,0.4645227681720438,0.009428215630889672,49.2694255581223,528.9104173345308
rxNLB029,Paroxetine,2.1591325902312373,0.7697065624451461,0.015593391789595635,49.36107376964111,530.8740854143034
rxGCX006,Prochlorperazine,4.287360343801113,1.4556712390871749,0.029304854787012977,49.673381754216514,537.5930261080492
rxHFX002,Estradiol,0.37202876381954597,-0.988784105602636,0.019740832703253428,-50.08826732216202,546.5842906938161
rxLFX020,Loteprednol,3.615038558115268,1.2851025216991474,0.025590090062098475,50.21875728380163,549.4276738673323
rxKAX001,Promethazine,1.9600640865727617,0.6729771699388839,0.013139653620198283,51.2172686884518,571.4299888689633
rxNAI012,Propoxyphene,16.96940696970465,2.8314121328314297,0.05474683537721553,51.71827948268592,582.6328951084171
rxNLB002,Fluvoxamine Maleate,3.17343233110369,1.154813756424928,0.021687085361228684,53.24891460470103,617.5338433267033
rxIDB011,Isavuconazonium,1.9586883007391331,0.6722750148884105,0.01249441629552796,53.806036151447366,630.4895938883014
rxCBA006,Enalapril,3.5942759904361985,1.2793425774097291,0.02362657339501605,54.14846054991632,638.5194689797495
rxNGX002,Hydroxyzine,2.6747122856793775,0.9838418178079543,0.017740689665863674,55.45679656981124,669.6688618433494
rxBFA015,Fondaparinux,25.67914375820441,3.2456791355168293,0.05839254346219297,55.58379448941606,672.7320491561196
rxLFX010,Difluprednate,18.936858995643526,2.941110234281854,0.05150724342907289,57.10090539657507,709.8661912009729
rxVHX000,Ergocalciferol,2.1256800073950877,0.7540917546662282,0.013160520792622149,57.29953749922843,714.8020664797053
rxCBA008,Lisinopril,4.199570737155676,1.4349823146268659,0.024697247312592274,58.10292525577204,734.9404693671244
rxNGE005,Flurazepam,4.803623742149224,1.5693705793663344,0.026906385305758493,58.32706852043996,740.6090328292588
rxSAX011,Betamethasone,3.1312709175304487,1.1414389660779702,0.01946380678303825,58.644178849570075,748.665984760245
rxSAX008,Fluocinonide,3.093330015227657,1.1292481854659513,0.01918634009215174,58.856883597506716,754.094725461575
rxTA,Autonomic Drugs - Antichol/Antimuscarin/Antispas,2.3787406553605273,0.8665712112381738,0.014713494338565126,58.89635672518855,755.1043362639177
rxIIX004,Moxifloxacin,2.9351949645491477,1.0767738785181982,0.01783041241771186,60.389734869429255,793.7976558833543
rxSAX013,Clobetasol Propionate,2.506293426783515,0.9188049393175435,0.01506843469515105,60.97547342546539,809.2384722112017
rxNGE013,Temazepam,2.4896398242027726,0.9121380510994039,0.014887207035690214,61.26992450045648,817.0568420325571
rxSAD020,Chloroxylenol,6.490387898549937,1.8703222975816862,0.030363401569280805,61.597917259505095,825.8101429353886
rxLFX017,Bromfenac,15.776044995276397,2.758492649990872,0.04445589541191592,62.05009761768263,837.9542829883444
rxNAH005,Indomethacin,1.930278131375694,0.6576641020550996,0.01057932225142825,62.16505050371373,841.0557083264806
rxHAX014,Budesonide,3.9331865145615437,1.3694499153004596,0.021940043322210008,62.41783095816219,847.8958971118636
rxNAH006,Meclofenamate,2.174280762784754,0.776697926075586,0.012375984600443478,62.758475479013924,857.157554445711
rx8HM001,Triamterene,2.813813737117017,1.0345407650007385,0.016122729979654103,64.16659996826006,895.9771155466864
rxLDB000,"Neomycin/Colistin/Hydroco,EENT",3.391570365893732,1.221293048909165,0.01878632045941286,65.00969956025835,919.6319618049463
rxTCX000,Ipratropium Bromide,6.359026576632038,1.8498753116494004,0.02811818815256913,65.78927851296774,941.7792369383651
rxLFX006,Nepafenac,28.818656980351076,3.3610229892201464,0.051003047619904936,65.898473641572,944.9024608890988
rxUAA003,Oxybutynin Chloride,12.553881594123522,2.530029908125795,0.03817977176838295,66.26623971128444,955.4594708989478
rxNLB030,Doxepin,21.931235636773806,3.087911905428629,0.046163713550122394,66.8904572002406,973.5125475778733
rxLHX000,Timolol,11.092319774703821,2.4062529566477315,0.03576224265643649,67.28473322448792,985.0026364554819
rxLDA005,Levofloxacin,4.80819182403609,1.570321093283157,0.023274962676802246,67.46825398127358,990.3738641876195
rxHDX004,Sitagliptin,1.9335309747444844,0.6593478519754183,0.00961922297367015,68.54481425164933,1022.1767988790218
rxNLB009,Vortioxetine,3.7528934136151415,1.3225271194338775,0.01928546225626239,68.57637643631931,1023.11677826676
rxVH,Vitamins & Comb - Vitamin D,2.4257914117470043,0.8861578265067092,0.01265546092045979,70.02177416344263,1066.6268245966771
rxSAC016,Tavaborole,3.7027152706513653,1.3090664074416474,0.01856528193627546,70.51152855824986,1081.5754019092078
rxBFA023,Dicumarol,7.612500896808993,2.0297917508434296,0.02848508376788859,71.25805798512786,1104.5617905302863
rxIDD028,Cefuroxime,3.3092088412615657,1.1967091400520569,0.016488863946763837,72.57680965260965,1145.758779773167
rxLDA001,Tetracycline,6.342428446809149,1.8472617308839732,0.025167804333061344,73.39781041039575,1171.7877355267303
rxNGE002,Halazepam,2.981089822004091,1.092288945742859,0.014410234201438957,75.79952764638529,1249.612050332465
rxUAA005,Trospium Chloride,12.998346868408499,2.564822185406937,0.03324936512103983,77.13898223530127,1294.1031796510335
rxLDA007,Norfloxacin,13.073540532360678,2.5705903809567006,0.033292642578806465,77.2119658231364,1296.5497726948433
rxHAX000,Methylprednisolone,1.9825274791457348,0.6843725352861569,0.008795636844626756,77.80818460055445,1316.6231478784425
rxTCX002,Tiotropium,10.919948937709808,2.390591294271926,0.03054791853044622,78.2570927668703,1331.8387599713117
rxNLB006,Mirtazapine,3.136492393659599,1.1431051034471769,0.014522036786996127,78.7152050510421,1347.4565566528288
rxLFX002,Ketorolac Tromethamine,17.300310160780963,2.850724429711864,0.03620562533989353,78.73705820434387,1348.2038436100165
rxHAX008,Fluticasone,3.1228715592919776,1.138752950107119,0.014180405757916025,80.30468024311823,1402.3509765419349
rxSAX002,Hydrocortisone,2.9674719608061118,1.087710398697522,0.013433079856542601,80.97252531166568,1425.7431088731335
rxNGE008,Oxazepam,2.5778995665090614,0.9469749458485205,0.011527516612277581,82.1490853320418,1467.424786075963
rx8HM000,Spironolactone,7.652923537504589,2.035087736598542,0.02450215151480078,83.05751171970454,1500.0185928747057
rxLFX005,Fluticasone Propionate,2.1303141193608965,0.7562694427264856,0.00906031352105935,83.47055992804772,1514.9570295192314
rxICX002,Metronidazole,3.2282890159379245,1.1719522804573652,0.013846038163557844,84.64170520213439,1557.715872973762
rxNAH010,Diclofenac,3.8313702540084504,1.343222507879218,0.015858918736063325,84.69824016594005,1559.795049793516
rx2EX020,Haemophilus B Conj/Hepatitis B,10.652809492596965,2.3658236594875532,0.026429763830179528,89.51361331447369,1741.982816870153
rxNAI009,Alfentanil,2.296296477874488,0.8312975981151332,0.009275100412114545,89.6268030725948,1746.3864299787547
rxCBD012,Nebivolol,3.327735389765501,1.2022920095110432,0.01327633615644844,90.55902135523125,1782.8656930246536
rxSAC013,Cycloheximide,4.1798188418211355,1.430267906320251,0.015107318013570221,94.67384647860766,1948.3948047436752
rxGCX003,Meclizine,6.945826582102876,1.938140987425541,0.01907307207446581,101.61661319469553,2244.3535540528515
rxLDA021,Oxytetracycline,10.186917878340479,2.32110433615799,0.02276104461347106,101.97705665864962,2260.290226590155
rxIDG003,Cloxacillin,1.991136661499931,0.6887056623547606,0.0067118189495563784,102.61088201735254,2288.4510568424193
rxTHX004,Albuterol,2.4947067907777893,0.9141712035712785,0.008814486456505318,103.71236124557167,2337.8047424207207
rxIDH010,Oxytetracycline,2.804776686820323,1.0313239232636389,0.009912139097561898,104.04655474591907,2352.8830372112498
rxIDF003,Fidaxomicin,2.064902926660379,0.7250832164268717,0.006817861199863962,106.35053943916303,2458.1550400412066
rx8HO006,Polythiazide,2.967291181052148,1.0876494763827813,0.010133168279827862,107.33557820686443,2503.866173531306
rxSAB007,Clindamycin S/M,4.593768280532495,1.524700663406737,0.014003556995771708,108.87952709922996,2576.361569478368
rxNAI007,Tapentadol,3.999957026120518,1.3862836175923086,0.012678836303468884,109.33839544982739,2598.1070653782876
rxSAX000,Triamcinolone,3.6077640772535324,1.2830882112746136,0.011604013611339815,110.5727944011319,2657.0583275650874
rxSAC001,Efinaconazole,5.533904721637381,1.7108936643096513,0.01544297975634613,110.78779427957079,2667.393751186371
rxCBD013,Nadolol,8.983697972141165,2.195411598453974,0.01955419144901172,112.27319749725226,2739.348128256969
rxNAI017,Remifentanil,5.121702899956167,1.6334869814007689,0.01422275225469405,114.85027315030787,2866.457383960546
rxILX006,Nitrofurantoin,4.811876628036654,1.5710871593873903,0.013477944017319107,116.56727148952017,2952.7458819390554
rxHAX003,Prednisone,2.6480580615470606,0.9738265644004886,0.008005355180260493,121.64689042176896,3215.520638533877
rxLFX009,Prednisolone,12.23104360135462,2.5039772773222406,0.019818928862274276,126.34271482192013,3468.40844584295
rxCBA000,Ramipril,2.7897209807719734,1.0259415839404857,0.00784829849315066,130.7215296201899,3712.852150315032
rxNG,Central Nervous System - Anxiolytic/Sedative/Hypnot NEC,2.6476693400514835,0.9736797586958906,0.007255799182894026,134.19331684253308,3912.5799271382202
rxIJX001,Sulfamethoxazole/Trimethoprim,3.637970943524932,1.2914260931275126,0.009491651270366313,136.05915939615767,4022.082109847927
rxBFA010,Dalteparin Sodium,16.990512911223806,2.83265512423486,0.020327563644102174,139.35044916495562,4218.926220848428
rxIIX005,Levofloxacin,3.9127465302560216,1.3642395648092231,0.009688945357847405,140.80372160467178,4307.340127089268
rxNEX010,Gabapentin,6.295228468707332,1.8397919605163975,0.012884334701331426,142.792934456001,4429.846385801735
rxNL,Central Nervous System - Psychother,2.8163348413421443,1.0354363379535652,0.00716842612413271,144.44402718579178,4532.834512831578
rxNA,Central Nervous System - Analgesics/Antipyretic,2.5654469266885593,0.9421327038690228,0.0064766837297415255,145.46529415087278,4597.129401336732
rxNAI001,Fentanyl,2.7068266756147925,0.9957769803646096,0.006751117434907159,147.49809790241096,4726.454662700932
rxNBX001,Tramadol,5.284233277123592,1.6647275335136755,0.01008386938999318,165.08816894888415,5920.469161364454
rxBF,Blood Form/Coagul Agents - Coag/Anticoag,14.54896073127452,2.67751956366263,0.015677045122805423,170.792361869753,6336.522250939164
rxIDD009,Cephalexin,4.549593504052015,1.5150378892030363,0.008811719801809803,171.934414992618,6421.519221532495
rxIIX003,Ciprofloxacin,4.497636964496591,1.5035521398522478,0.008225079155424026,182.80093254309057,7258.59153230785
rxCBD007,Carvedilol,7.487317361339374,2.013210570668524,0.009767943314192661,206.10383433975935,9226.564308463998
rxCA,Cardiovascular Agents - Antihyperlipidemic Drugs,4.180043607433574,1.4303216788826245,0.006608950164598633,216.42191925493043,10173.27292678661
