code,log_or,p_two,group
M83.9,2.7601422641951574,0.346369673893496,M
M41,6.171865518635969,1.365895596386015,M
H65.02,-0.10356151551606364,0.23467246658908683,H
Z90.79,0.6649676030874103,0.5093955509408375,Z
R65.10,4.231800896201131,0.6162541382148148,R
R23.4,4.203747176812251,0.9988802055229818,R
R14.3,5.934488610578439,1.3072512542313617,R
M13.0,5.14055726193867,1.1206002735839875,M
H66.01,2.59242493885263,0.5083531860518019,H
Z88.8,5.201012036375244,1.077153217466259,Z
S05,3.614211240242246,0.7956398300387761,S
K12.2,3.3969004655131845,0.578213215030356,K
S52.60,6.058934613760284,0.9615073829056995,S
H25.9,6.8659748117561765,1.8600845073038734,H
R11.0,5.4174413836319655,1.2962731920182342,R
Z08,6.05522760581288,1.3046656550250137,Z
H27,4.992319604550468,1.118906251258115,H
H50.01,3.3498477028787823,0.5744818808497478,H
S41.10,5.614205670763237,1.2008264010703842,S
Z79.89,3.2797375794652828,0.8251505385023463,Z
H43.21,5.949619647651165,1.28576297541471,H
M21.70,5.410558188809704,1.0165136085432567,M
R76.8,4.461140827463755,0.6897159758264865,R
H81.31,2.219552160806544,0.5824166596030831,H
H10,3.8114236630224108,0.9057085576646234,H
M31.6,4.274215809575503,0.6801607387345346,M
K63.9,3.9049051553306953,0.8032509776526752,K
M75.10,3.7737903913458988,0.610240053638233,M
K29.40,5.792580586060391,1.3043522399240834,K
H69,3.193520755684772,0.6268939101347841,H
R71,5.32885401501551,1.2960469642689683,R
Z76.0,3.3864665602317108,0.4577560697772888,Z
R94.5,3.426815157932737,0.7647725536858183,R
R94.09,4.99695194426014,1.0775569644891958,R
H26.01,3.5978579672490234,0.576132617264742,H
R10.0,7.071085614453958,1.920138750825862,R
Z68.41,4.626382413052255,1.1199275616475861,Z
S13,-1.4672613770409766,0.24728048229395522,S
R68.82,-2.2275938584121957,0.3007503966720194,R
S81.80,5.101498399819379,0.9319336982707926,S
M05,5.948468457388147,1.0703921576099271,M
H60,3.2170366446330236,0.5090570723566199,H
S72,4.449373045582214,0.8213485059601249,S
R40,6.350726589512772,1.2072459357913106,R
H05.01,3.9689445176053932,0.5417474977453376,H
M43.16,6.471654913528321,1.5848179395352973,M
Z80.8,-1.857997048792012,0.2843187134917321,Z
S32.10,4.8329823612263,0.9984575560739429,S
M41.86,6.318998839320596,1.2448947634842746,M
M54.40,3.990041462056506,0.8662573343614677,M
K80.51,5.400758474118352,1.098560578126554,K
M65.35,2.9625473404653806,0.43722220777764287,M
M23.92,3.2611233738138843,0.37188312687502656,M
H16.10,4.042516794029551,0.6678714308494774,H
Z88.0,3.9198447939179455,0.6318617864055398,Z
M77.31,2.46728964876248,0.49707855451623706,M
M11,7.363252617823984,1.8434181831387508,M
M21.6X,4.076887050390841,1.0052836580876086,M
H53.2,5.005026852586059,0.9446695471410924,H
H00,2.96555260038711,0.2901545756875938,H
H65.03,5.0049289079853,1.0065197022450423,H
Z96.65,9.074816630125225,2.626991118678939,Z
K11.7,5.943023909060653,1.087902369131389,K
R34,7.1503969398953675,1.2719231159192204,R
R58,5.8202517080970635,1.2334848663955622,R
R23.3,7.7231909288467016,1.9680300663602133,R
R16.1,6.8270484783624275,1.52393182668296,R
H72,5.120179348564399,1.321518301156577,H
H90.5,6.800839519380646,1.7049785188640518,H
S37,8.397412871564983,2.0756786167083274,S
S91.32,6.7747727831389986,1.3910181762629756,S
H15.11,2.9556668236118067,0.2974423566120158,H
M23.90,1.0063958574668448,0.4031840317634428,M
R63.6,4.436520647606516,0.7414969009927608,R
Z13.5,4.3552830479292695,0.8264837095768992,Z
R93.8,6.322069665969736,1.2165194140255209,R
R09,8.829953352476549,2.4396417557141383,R
S16.1X,3.820861616032648,0.7624873467226032,S
H53.45,5.242994310350614,1.0620145947540824,H
Z92.23,1.9990759359132209,0.14754615733936893,Z
S12.9X,6.650541425377166,1.6649155093959136,S
H26.06,6.3711876042421185,1.3798985409038136,H
R63,5.591397703437221,1.2698572441532243,R
M12.27,3.0549160633876435,0.41794961388096913,M
K22.70,5.9107926393609445,1.3665259064340347,K
H81.23,3.9994657917814584,0.8078873947167905,H
K86,6.564690445183646,1.4308122930412335,K
Z86.59,3.743215655630542,0.575970882651689,Z
M62.83,1.2049878240273098,0.02243118915224704,M
R25,7.559837176962711,1.8998889943122947,R
H10.13,3.047839695801858,0.3675012472093863,H
Z01.00,-2.082662087651115,0.4522517002760963,Z
R76.11,4.415026029425683,0.7861777745928551,R
K82,5.634146286039178,1.273818353328959,K
R22,5.2709548562394755,0.8784315543714247,R
H25.81,5.860040712663343,1.2643876688760192,H
S29,6.577457605905494,1.5884378008955915,S
H53.13,6.533566769833348,1.4161167347873291,H
K50.90,4.25666845652833,0.9408308357602646,K
M15.9,5.503603937383343,1.482843793276562,M
H35.41,-1.2460551437492462,0.03619723711177064,H
S92.51,-0.9060603969534562,0.17160764886295204,S
Z80,-1.915806124550874,0.39433254528673556,Z
Z18,3.3844122056140233,0.5748737108569609,Z
M20.60,4.378930576683493,1.0711051956902333,M
H60.62,4.184834371483701,0.7646460860672873,H
M89.8X,4.580355853624869,0.8865040548465313,M
M67.00,3.4374789614571255,0.6085764492347401,M
R89.7,5.043796856772888,0.9186339188520498,R
M50.33,3.8036847659582467,0.5361136996289612,M
S92.42,0.015305886385471146,-0.21781019692275053,S
S32.00,5.096043104013625,0.9438962959428465,S
S39.93,7.530050818322411,1.4997937410314937,S
Z92.25,4.6328711596840835,0.6749535802449423,Z
K13.79,4.419843755708394,1.0355346581450533,K
K82.9,4.259312588615632,0.8341101300983066,K
M25.55,4.8441412235675685,1.3398062642535051,M
R04.0,6.411685343276701,1.561146483805754,R
Z87.11,5.742467969390167,1.3848734837183754,Z
K94,5.234622048345131,1.030378217458244,K
R33.9,8.578364835079695,2.3174625656746564,R
S02,4.5715972715885185,0.7154589977032242,S
H10.02,3.5411167253996325,0.3659101780924201,H
H69.83,3.53197210923599,0.37093522461874123,H
Z94,4.728707258612451,0.9684463297521225,Z
S30.1X,6.704377002460256,1.539013538426549,S
H60.50,3.8719660267764615,0.9527290079467461,H
K51.91,0.139873410424578,-0.048186928973370215,K
M20.22,3.459176901182523,0.5958685055214821,M
H25.10,4.487228066547781,1.1441652600582912,H
Z85.04,3.7271801331086283,0.7151541368041515,Z
S70,5.847217912797017,1.3733823259935327,S
R53.82,3.4363436750383416,0.5307620668673704,R
K80.18,3.960654054548857,0.8835343793226986,K
M00.05,3.4100277701896062,0.5871163851834167,M
K14.0,5.597216732570231,1.2851823675287521,K
M50.32,4.724454545561727,0.9086122333817239,M
M76.62,2.6379382139961143,0.0909560119613737,M
H80,-0.04188794873160245,0.12784611275658692,H
M19.91,6.67684542104815,1.5309994551260055,M
R07.81,6.00360842180154,1.2401918433989234,R
M32,6.242268112583859,1.4028584022604424,M
K27.9,5.008271967842274,1.1118797290767566,K
H31.01,5.898613937868241,1.495734754584972,H
K22.10,5.628061900580194,1.2761549105278203,K
R10.12,4.028778342508166,0.7672519814647684,R
M22,-1.4101075892926507,0.22460546518278485,M
S81,6.546047486338276,1.677046136172215,S
R63.4,6.116992019534846,1.2969798562503752,R
R09.3,5.944995415453604,1.3795071373229681,R
M65,3.0295997457497545,0.5371365983836536,M
H49,5.522319723702444,1.0858629066610852,H
H52,3.3949283409686557,0.7881625427420451,H
Z79.84,4.28242356502224,0.8963287879004915,Z
K22.0,4.4807865895993295,0.7552457923962224,K
K66,5.527550923747831,1.2362174941836055,K
M10.40,4.2974923913420495,0.6469130975784441,M
Z48.01,4.551984610453818,0.9558380405354225,Z
Z86,4.923317031355934,0.8434294984928671,Z
Z86.73,5.331004698183349,1.1356531460906822,Z
M50.30,8.023054426941755,2.4065568935371853,M
H02.05,5.968818912036448,1.623584007891765,H
M22.42,-1.5315604664250775,0.44215146223635715,M
H20.02,3.350174273043916,0.7902632068077555,H
M83,2.95265128560766,0.43275661039556435,M
H52.13,1.1089246316488781,0.15909952288825743,H
H91.13,5.431265431552907,1.1111216785464002,H
M51.46,3.4745848599353595,0.3309625936296061,M
M15,4.928513669446049,0.9333810355548274,M
H35.60,5.451436497719261,1.071858046015495,H
H44.81,-0.16474162200134967,-0.06795319320703677,H
M25.60,3.2673324063649805,0.6445671649025778,M
Z90.49,5.507979668444242,0.981209245489899,Z
K64,1.71060302448137,0.060482532177885545,K
K59.00,5.178871499256757,1.1100760106946366,K
M94.26,0.7405670961904677,0.3133519773965588,M
K14.1,5.295359709696549,1.0604592993554456,K
M67.50,-1.198017911194921,0.31649724436360627,M
M67.02,-0.14234362406667164,-0.24271270068220102,M
M46.47,4.497427368102168,1.091511894519836,M
K92.1,4.659060823252949,0.8813938581270085,K
Z78,2.217802323979946,0.32171407676352437,Z
K80.01,5.718589170071743,1.2301596726574335,K
K91.3,5.225650232914647,1.03227384630315,K
S43,3.563165672499601,0.5872012722716422,S
S82,4.059472713629137,0.9907689800416147,S
H35.37,9.001708415794596,2.3325958489561343,H
Z53.8,4.965189408811198,1.2074875076980645,Z
R94.31,5.608559461392343,1.1683562934038783,R
M46,7.991186780056571,2.1710568087796056,M
M77.9,2.2524963352161556,0.5170413965804498,M
Z12.83,1.6016725344656109,0.16495184507347732,Z
R94.6,3.243375005301938,0.305050643717863,R
S06,5.477066403029031,0.9465488777155195,S
Z68.23,3.789293433457329,0.6328865566935538,Z
M51.27,4.534187571577028,0.8251706954794916,M
S30,5.1071548042665444,1.041611640822732,S
Z82.3,-0.6960822156026846,0.24017619729795253,Z
M60,4.4008759841459675,0.9964474577419471,M
R87,-3.887529000208118,0.897614171432749,R
H26.40,8.717131145275156,2.096547067296652,H
H40.03,3.7646630079754835,1.118320825357043,H
M05.79,5.358284296268223,1.0274471465271768,M
H81.12,3.3058756464391914,0.31269773634215425,H
R26.89,5.7777529777544085,1.1871810210028255,R
K08.9,3.329989755237792,0.34226064924009225,K
M20.40,7.0819673315718505,1.7609623112129364,M
H61.93,2.6296570353211925,0.601637905610248,H
H40.22,5.170850186779687,0.9060823684112267,H
M70,7.107337028981932,1.6937310940207335,M
M20.10,3.4724817532831307,0.6057487080110688,M
S29.8X,7.808854680352842,1.9980895575283966,S
H53.9,4.278754018958179,0.85063699806228,H
R10.84,5.548385363252391,1.1459000418614202,R
K57.31,4.895383731693942,1.0620597355481107,K
S80,5.59731748307726,1.2552558116214347,S
R26.81,4.79508208108192,0.9857922754624602,R
K81.2,5.326959341194471,1.1020922807987288,K
M47.12,4.584022339367377,0.6482684335926912,M
M35.3,8.034651505933656,2.0724338066588484,M
R78,4.401140477497129,0.7106657756321617,R
R92,-4.970815197246891,0.6117964054485479,R
K21.0,3.8570212141532747,0.8074005415057173,K
K57.12,4.206518211525955,0.810389035557906,K
Z41,4.570897657785202,1.125906396191681,Z
K21.00,4.364383910185228,0.7266905614610487,K
M54.08,3.9775385763393625,0.5917545353835741,M
Z85.46,6.203082530684769,1.5166425996666195,Z
R79,5.727651402645594,1.0612779777199972,R
Z68,4.857832891686818,1.0588177607241196,Z
M65.81,2.8371779906003467,0.303473643089339,M
S16,3.973731168115799,0.9378041774519743,S
M54.30,3.5998188514400233,0.7413086132854372,M
H81.39,4.00151932484237,0.7181226134195686,H
M46.90,4.238614533974482,0.8007696886387253,M
K42.9,3.2625421980812175,0.5298672731576024,K
R71.0,4.332738495406813,0.6133981609438618,R
K51.01,3.716064733824641,0.43236362023984115,K
Z78.0,-1.4432290981534208,0.12204312004591118,Z
R68.83,5.5165759379237835,1.2711554112654455,R
M43.6,4.133927994144151,0.8731125475081501,M
H18.51,5.1274667284970095,1.0677956717330968,H
M48.9,4.2023730067415235,0.6001873967562635,M
Z45,6.032663941300649,1.366772057063527,Z
K63.3,5.776221007644695,1.0652849212732087,K
K25.9,6.175445912598821,1.4437586190646698,K
Z00.6,7.696818310782186,1.8042689032021,Z
M10.00,5.071464054006888,1.1677373654202177,M
M25.65,3.1435523814109114,0.5227088154519,M
K57.90,4.6149434292044385,1.1203180161285344,K
Z82.49,0.07618000768961576,0.10440985128307974,Z
R87.81,-2.4674882830605775,0.4228648773232864,R
S52.57,4.4468756307827775,0.964743316139304,S
Z95.2,5.0504089223554915,0.9319460277638234,Z
K52,4.201674588788094,0.83984098412316,K
M87,5.016763797944686,0.858364368779874,M
M54.31,3.2285751932957796,0.6847633017749705,M
R71.8,4.887729610426444,1.01636657093603,R
Z01.83,6.351190383544327,1.387581194897213,Z
S09.93,6.136659310213766,1.414037738491707,S
Z46,6.17662619834083,1.3557980986153144,Z
Z00,-2.985704687047904,0.49361246940008996,Z
R10.2,0.48330343471062354,-0.12660831976186346,R
S41,6.016741372256522,1.4383781169965182,S
M17,4.336785068346692,0.9546393016458642,M
Z52,5.058066226983946,1.3342391293649782,Z
Z51.12,6.395165109747532,1.6467767842467222,Z
Z47.89,4.9051764227222225,0.8908689372104857,Z
S93.60,-1.4221225340764496,0.21102293193011692,S
M66.88,2.8251276481907195,0.5135747447209948,M
M20.20,2.410442546173246,0.32315473207924356,M
K63.2,5.533217307426628,1.3348818522122252,K
R63.5,-0.810380865725103,0.23828994541833676,R
Z92.21,5.37486999012699,1.2221643307340262,Z
Z95,6.283249859939177,1.6470933485496548,Z
Z46.89,4.692403897981299,0.7688856389701878,Z
R13.10,5.682289374032674,1.1722319695220078,R
H20.9,4.713720384299469,0.9529181206867208,H
K25.3,4.4955647303207416,0.38510310477989157,K
H59,5.029647294724101,0.909470373694612,H
H93.29,4.123708820031578,0.9082655592016793,H
M23.26,0.8292003673045819,-0.1338130087335304,M
M13,5.0815502301141775,1.0476073066683902,M
Z41.8,4.939283197409332,1.3716658480048998,Z
H53.14,2.4964491311725854,0.3196725553699268,H
M40.00,4.208520835875558,0.6546012832300833,M
K76.89,4.060291784897155,0.6490352922117113,K
S91.11,4.8540333390347605,0.8882846020211312,S
Z53.09,5.731801288634022,1.0746053240972775,Z
H02.83,6.254464834625197,1.6217632502907944,H
K43.6,2.9991311188838714,0.5579842449978617,K
Z02.89,2.379873596011743,0.3852532851732082,Z
Z99.89,5.337231593275147,0.9757138820721397,Z
H10.9,2.508535541880914,0.16221871384605757,H
Z84,1.1052073168126058,0.010735144943856328,Z
Z01,1.556131182116491,0.22158414374022417,Z
R73.03,1.696467453404515,0.25429353377919356,R
H81.11,7.0215289641403205,1.7403428705428485,H
R10.11,4.613839177006346,0.7566124989687809,R
M47.22,4.002304944014989,0.736559175309571,M
S43.42,5.20608989017048,1.0335597452842713,S
R60,6.461066079622072,1.732405982110396,R
R20,3.601794033702772,0.9485064573080815,R
R09.81,4.4422944656929575,0.9459182907336439,R
Z85.00,6.189551009729878,1.483712874699925,Z
M51.06,3.919920706598005,0.7305338059110433,M
M80.08,5.511212259296148,1.3636209604855574,M
K26.4,5.294568604923276,1.0187578945316578,K
R25.2,4.727809638387826,1.1251864125479645,R
R06.83,3.753711721049554,0.7816571515804636,R
K64.8,0.8360367225150953,0.07348291593838496,K
K35,2.042059141668938,0.1793594838294266,K
Z78.9,5.358450885340118,1.332196308022627,Z
R91.8,6.443246834124276,1.471490073165447,R
M31,4.417395961170954,0.9478048030193844,M
S32.04,5.615803500810464,1.3555072131153256,S
M95,5.324855730593484,1.09442441756878,M
Z91.81,4.522436377898184,0.6229398481611104,Z
M06.4,4.63634984414104,0.8969402156412971,M
S40.02,5.473893685950918,0.8373717037103421,S
M25.81,5.064604794250092,1.3071259424351773,M
M96,6.764467915472378,1.1441191527300134,M
Z11.9,0.22545700360247986,0.15162327661484057,Z
M93,1.7443561990685021,0.2811827320241386,M
R14.0,4.9197875526283426,0.9119798908467706,R
K46.9,5.298907161825064,1.038690712351968,K
R39.11,4.8478313722118616,0.8817964001417153,R
K74.60,6.0069191511751185,1.1521942106813574,K
H65,3.2498197866254794,0.3419877949177188,H
K45,6.13125902934094,1.3542892287134962,K
K29.90,6.695296140575594,1.8066766825175213,K
Z87.89,7.765808403553854,2.0954257714008295,Z
K56.69,5.255886435009005,1.1756296569457336,K
K80,5.739991599474896,1.3057660116535679,K
M24.20,3.2537818717112086,0.7947935083211111,M
H57.11,4.043229138530127,0.5382044979381716,H
H02.40,4.9337651756312635,1.0656712451551105,H
K85.9,5.942650693964467,1.3154377207975345,K
S90.85,1.4062858780189225,0.261459171433441,S
Z02,2.425729988732239,0.22315193662296334,Z
R22.1,4.614023400843718,1.132940658623451,R
R92.8,-2.373418919610915,0.224356527377078,R
K56.49,6.727451952287669,1.6524744680069512,K
H57.13,3.5328356957569564,0.5009426119757686,H
R92.2,-2.8901831095753017,0.3221371463508601,R
H25,6.466159889119556,1.734134986904156,H
K90,4.333493479932678,0.981223627213593,K
M25.46,4.330360334944711,0.7220503069986713,M
S29.9X,5.284398683927217,1.2870928916020448,S
S93.40,1.882136268088475,0.3141439299481743,S
M25.45,6.103013768438472,1.0587264458813053,M
K31.7,4.811902871470161,1.2220816244586252,K
M67,2.1433731998911636,0.2101085867569117,M
Z91.19,4.729712669872084,1.1358704433908424,Z
H83,2.9035505366150436,0.471023688051059,H
H80.93,-0.14927716507081032,0.027604960407695018,H
M71.21,3.718567426234864,0.37441218480296107,M
R41.82,5.6042022864522885,1.181487076255848,R
H16.14,4.244126381636798,0.7741803872210666,H
M86,8.643069794992952,2.176087063838296,M
M99.83,5.381797313312374,0.6769277373777447,M
M35.00,6.759044237557305,1.4252082023506005,M
Z20,0.39969101358153364,-0.32091761238152006,Z
M79.65,4.986700746720375,1.0784105949292535,M
R31.9,3.8597668456215515,0.8722062444424764,R
K92.2,7.491181305189152,1.886995579156253,K
S22.49,8.178437084652387,2.0508511710993123,S
S89.92,4.978060245702287,1.137348477785642,S
H25.01,6.404039199887472,1.5492495258795813,H
K31.84,9.420801562385842,2.820808665920046,K
H11.32,4.15987861924155,1.0017592435184537,H
R31.2,4.514445245098293,0.8637316823439996,R
M66,2.6870329043431305,0.4983514355889522,M
R91,6.888316737395043,1.5363777642088323,R
S63.51,-0.9947218616816353,0.30414252069281933,S
H35.38,3.795805374371919,0.9123272006372027,H
R35.8,3.3595277336980534,0.5739422997674045,R
Z13.39,3.5548773111014236,0.5355490925276298,Z
M62.9,3.563109846319469,0.6463679737365293,M
R19.09,4.552962114814973,0.9339031053391788,R
K65.9,3.867200141942012,0.8919769564301752,K
Z00.01,1.779657635685051,0.18741373986646917,Z
S02.42,4.191057289628853,0.9725205678112976,S
S73,2.684618849206149,0.39346001262848546,S
M77.32,4.017093898842031,0.6054186436458406,M
K57.92,4.361994035277392,0.5897603925292758,K
H43.03,4.738119013108412,0.8232431637275351,H
H11.33,4.1467468342467395,0.6789599306037404,H
H10.33,2.2687346782861213,0.3477975264536141,H
S31.10,6.316961940959289,1.2782853094811042,S
M25.06,4.00130822583173,0.7804363754603414,M
M35,8.101844111615485,2.4423995480733183,M
H53.00,7.211095199533327,1.8446179572103774,H
K50,3.7400784494933834,0.7936622404511249,K
Z03,7.27032140570405,1.9116060490738054,Z
K91.84,5.663649258286985,1.1401756050914078,K
M75.82,3.7809623996748662,0.7242459064499753,M
S99.92,3.0889263295363247,0.4202581476178113,S
Z85.52,5.081514334919869,0.8156939607639913,Z
H00.03,-1.1132618597322663,0.33826642486460795,H
H00.12,-1.7783904659759202,0.28440152906781047,H
H83.3X,-1.5999397071958812,0.5196793848800101,H
R89.9,5.002127411272227,1.1397168251372554,R
M43.8X,4.473522179002907,1.0134464744787168,M
H44,3.169410925520609,0.7743587398116822,H
M23.32,-1.9601755082380676,0.3320128150308463,M
M40.40,5.066432509110783,1.1385129088118329,M
S61.22,4.13423484685431,0.8210646137937991,S
H72.90,4.850437539322203,1.0254475466466078,H
M47,4.487749113021901,0.9588535636389304,M
S09.90,7.663574536888319,2.0787068675308995,S
K08,3.0888064243035993,0.5477479949113413,K
M16.12,5.78341190159126,1.0918496244637372,M
H92.10,4.634234008478021,0.979303183115619,H
Z43.2,4.269726707382677,1.1026511706832807,Z
H47.32,3.0169138014027093,0.36588968309136377,H
H43.31,3.164390933502013,0.3737471093982735,H
Z04.9,4.286527165507524,1.0461184219326523,Z
M67.81,2.796328175154945,0.34364664853481086,M
M94.0,3.4675368810297558,0.6433255986915195,M
R56.9,8.11452210288676,2.2253438563971426,R
R93.89,5.713973557892383,1.1745705340829649,R
M12.21,3.1260713880567352,0.556391638105277,M
M48.06,5.560472244502975,1.2050990639424137,M
S80.21,4.381045707032393,0.785540689364967,S
H93.13,3.6764783854717513,0.6323969111492073,H
H53.19,3.151183191381079,0.5303655774532428,H
H33.30,2.437432031314315,0.5044756567191798,H
R09.1,5.097117010551072,0.95985851026357,R
S50.00,3.831599054183556,0.6686905315280693,S
R06.7,4.265031021744664,0.9672213293442298,R
H90.42,4.445717229532918,1.1091219331961257,H
M22.2X,1.9565431958740902,0.424706575938019,M
M20.41,5.944342852297953,1.4922813850721004,M
M76.82,3.6250693233759668,0.7572957135902396,M
K82.1,3.0660752377823757,0.3942915543783788,K
Z11.52,-0.8381033021118014,-0.06584229657983398,Z
S69.90,2.265006053232427,0.42808799969911315,S
R31.1,4.187402400929685,0.8205172405218404,R
R91.1,5.669237628193748,1.2505297694220732,R
R35.1,8.237593645579945,2.2594241394782015,R
H65.20,4.68118287496408,1.0195281739803992,H
R68,5.54364958218199,1.3082764334218346,R
R13.19,6.378771480970825,1.7408122357867786,R
H35.00,5.54756326093352,1.3067164182020479,H
K76,4.427541872601637,1.0476036841729348,K
Z12.31,-5.811336713607163,1.365623253902295,Z
Z68.37,4.264119161782336,0.9310233261008277,Z
K56.0,7.591760570310984,1.9441844312595626,K
S32.9X,7.834798187099087,1.9160485502020677,S
K64.5,-1.4793746175831477,0.36656838847073037,K
S79,7.861356738598358,1.7579339773990728,S
R14.1,5.988827764470665,1.4304970424239767,R
M79.10,3.511154232501272,0.8065660920229237,M
M46.00,5.353727562459012,1.2239939869099499,M
R79.89,5.79142647499149,1.3597029913978522,R
K62.89,2.974093133842627,0.38855059992206453,K
H40.20,4.801335189043145,1.0514006807644307,H
H44.40,3.3689019525162287,0.589218992714642,H
Z48.89,5.217940204730224,1.1901904209203455,Z
R22.42,5.511929515676826,0.9507457101869873,R
R19,5.515019154136479,1.1462333880510753,R
K13,4.605541350078445,0.9596425180902162,K
R31.29,3.9788775680360615,0.42648181731291895,R
M85.88,2.9347544781053894,0.5862075850369359,M
K76.6,6.7718290468028535,1.8431742755461402,K
S83.24,0.7700680922559269,0.4491846319697691,S
R22.41,4.793166084680739,1.3027924223185066,R
Z03.6,5.667089997986068,1.1139974361411111,Z
Z85.82,5.762836306465512,1.1783218121776287,Z
S10.11,4.8504944006348065,0.9130428712649661,S
S51.80,5.3374940774993505,1.0252969799808735,S
M19.01,6.025389898726736,1.1538392736664673,M
Z92.24,3.486257392252028,0.4398060974482015,Z
Z68.27,4.359586000197363,0.9546252297726131,Z
Z71.3,2.9464694518797074,0.8100917509619587,Z
R74,6.222322977451158,1.563770766540651,R
H33.02,2.1433447100819554,0.31421736094179037,H
M18,5.089744515393855,1.3551991556537741,M
K62.0,2.926803874895233,0.38876271829491627,K
R17,5.299431265789236,1.4908508253587807,R
M11.26,5.155665264918195,0.8272704429119433,M
Z71,3.076863889326537,0.7574237986664073,Z
Z93.2,5.745830735789404,1.067247409991973,Z
Z45.2,5.991715704353948,1.3042850567675734,Z
Z86.01,7.085950597687277,1.888150078022552,Z
K58.0,3.5289249897251866,0.5252073053456856,K
M35.5,4.088546028928659,0.38920380977120306,M
M94,2.827367585027741,0.5926595656817675,M
R53.83,6.562549289781169,1.7886279279239572,R
H34.81,5.662874699854571,1.2529059667832745,H
M75.52,3.8082928002690304,0.8518621168213876,M
M77.42,3.793399166661863,0.5758407345089376,M
Z79.4,7.8715558172930775,2.0294947072432272,Z
Z17.0,3.028830103252466,0.5181974774346008,Z
M17.9,4.88056808655151,0.6444819452789987,M
Z92,5.0990006765545886,1.2645996910719544,Z
M62.81,7.419710375461644,1.8996239783080926,M
M18.9,4.8761859165042,0.9022417810573398,M
H26.03,4.343739860903309,1.0757867410564568,H
M67.40,0.058698819689521314,-0.1473086656421811,M
R80.3,4.886458323628216,1.0331544470748384,R
K91,3.5308135804689815,0.7254750472081706,K
M67.41,-1.6806962254080704,0.3575512938971849,M
H35.34,4.751903005427599,0.9149252730446064,H
R39.19,5.463219765068556,1.155150616446344,R
M35.01,5.156190117391914,1.0091679155979711,M
R00.8,4.010305328474875,0.29902151956158746,R
H11.15,1.8542174098463327,0.1979448482821189,H
R12,3.3694991230155433,0.8365309145547296,R
H16.9,3.731489911260335,1.1640751860066145,H
H43,4.270592821852649,0.71540307673612,H
K80.00,4.7134981377441285,0.8201068937108833,K
K59,5.068422214063501,1.0727385208460691,K
H47.09,4.804707430125128,1.027440808932731,H
S63.50,3.274838153523869,0.6151363444375043,S
H43.12,4.153715776120354,0.7029717486921463,H
R63.8,4.774932440696552,0.7600501031100104,R
H35.54,6.645057964492967,1.5789668751500618,H
R60.9,7.643578652507958,1.8869807081341081,R
M15.1,2.879767773997411,0.285599989598295,M
K30,4.307064403098776,0.8983358643675774,K
S40.01,4.971855278664579,0.9149484976400097,S
H91.8X,4.326289128329798,0.6791232302141549,H
R05,4.5632583319055735,0.5881949155183714,R
H90.8,4.250364694260021,1.0705461021346374,H
R68.89,4.291979190312634,0.7930088851615269,R
H57,4.295755585016767,0.7845153968257027,H
S42.13,3.4768775680415973,0.6281755951729204,S
H43.81,5.1794074383247635,1.1205426915319783,H
Z13.0,-4.005800407410171,0.4400257261455042,Z
H60.54,5.882092312076269,1.1125627831432445,H
S91.10,6.778521143601896,1.7184656364519184,S
H40.21,5.410424617069346,1.1501507502502841,H
S89,4.7025372710587225,0.9287535119700413,S
Z12.2,5.466283581987296,0.7847415939368318,Z
Z68.36,4.141073216549752,1.0818809147913715,Z
S99.81,4.622349454105321,0.9815073636684277,S
S93.49,1.147497570102729,0.24432181366962696,S
R43.8,4.431486017368853,0.8747043800131052,R
S50.31,4.1867478047593725,0.9820341278884733,S
Z12.39,-4.429864937133278,1.0910293179938395,Z
Z96.1,6.181312543267436,1.3932816220903907,Z
S05.01,3.637531814613595,0.943412589418019,S
M51.37,6.474832306937847,1.4796087775629894,M
H10.31,3.2457231475801263,0.3926508329942333,H
H40.12,5.011416344832375,1.1985042163180164,H
S42.03,5.6125890638077465,1.2528529179363204,S
M79.60,4.320494867062879,0.9036550123116944,M
R51,5.478897687505377,1.2577411205654487,R
K83.5,6.024877761618547,1.2772994832043312,K
H93,3.685266389095202,0.8179195391942612,H
M77.51,3.6942684834752315,0.6877422407730763,M
K64.2,2.0717725225710777,0.2769878448932984,K
M48.07,6.944636572882362,1.5191601654012865,M
H81.09,1.5501588513385043,0.09585218165764334,H
S33.8X,-1.9649599265874553,0.1524896755474769,S
K60.2,0.701409198529505,0.04799974692256527,K
H83.2X,4.979026999372495,0.9066142702892578,H
H35.9,3.7311655106065125,0.41052713750032604,H
M47.89,5.43610650664678,0.884922394203896,M
Z90.10,3.1262421256938917,0.15521782626097824,Z
K22.4,9.424569646220354,2.421500888345114,K
H93.19,3.19475599202447,0.7908747906569829,H
M60.9,4.440246304320241,0.8687114587693278,M
M75.30,1.6322461202050222,0.058654035107998104,M
R27,5.657540152682245,1.273464713045362,R
K85,6.299494160558443,1.4778244050702367,K
S71,8.459513891797648,2.1721395424742562,S
M76,2.865394424786653,0.1441976747406981,M
K92,6.030801033677561,1.420547680611629,K
Z68.44,4.224099098939843,0.7802478041237638,Z
Z87.82,4.870717038880147,1.1436746090904681,Z
M54.06,3.9168643106868553,0.8401021837853047,M
R19.5,4.891325474994128,1.106332758423172,R
Z71.41,2.084748742687948,0.27037266349913974,Z
Z51,4.63109756972669,0.9987562290701809,Z
Z98.89,5.761271315740396,1.3605158457824509,Z
R90,8.397275862179102,2.3418949318053843,R
S12,6.35474586035665,1.43476885766245,S
M19.04,4.355324585195392,0.8573090182372067,M
S02.8X,4.0609997163855445,0.8896324536702351,S
H16,5.614217584901543,1.2213462546552647,H
Z91.01,2.9404118580943157,0.4076691118663437,Z
M17.11,5.204150482759341,1.3357854323709262,M
R10.81,4.493386261258838,0.9105537850278771,R
K51.90,3.981336013002684,0.9907353556478528,K
S33.5X,-0.7900472142903276,0.13032375603611207,S
R47.89,5.472909679447277,1.2132859620736005,R
H35,5.862718230586184,1.192308453886092,H
M1A.07,4.010754173272844,0.5791996953250247,M
R01,6.401912975890713,1.5079890575300272,R
M54.9,5.444471440411684,1.2527825509046735,M
M25.44,4.768709410078701,1.166108118108422,M
M75.00,1.414872375769318,0.2965481787634877,M
R06.2,6.607997438533972,1.5308822666881943,R
H35.35,6.436573315680627,1.566053152019174,H
H53.41,5.63881504352972,1.2628279286708457,H
M51.34,6.384522889283293,1.614665891868037,M
K57,5.3228849614456974,1.2795559637470468,K
M54.32,3.547110780604994,0.681437071317674,M
Z87.39,5.866892638202022,1.4389937616857515,Z
M23.50,2.6010716982830044,0.3543007744910785,M
S19,4.746528805277605,0.8907771646265988,S
R06.02,8.52960183291672,2.5293037104299096,R
Z53.21,2.5484171422217274,0.17230691463756564,Z
M21.37,4.053515054154755,0.6067716149192401,M
Z02.1,-1.7784330930420391,0.3561308819441815,Z
Z13.31,3.2932895177688737,0.7312304539181781,Z
S81.00,6.14290839811788,1.5549460795899552,S
R94.30,6.41975751688397,1.7184918766395745,R
S76,3.5720190758179857,0.4827778192025646,S
S52,4.7043685590913125,0.8828238796641574,S
H81.10,4.616159189088639,1.2811622191357703,H
S03,4.051094326458081,0.7548542216090116,S
S36,6.099791848598559,1.537076737242149,S
K42,3.3230733995306334,0.46823222312811136,K
R79.82,3.8693464166780203,0.6828364912380401,R
Z13,-1.655007108989414,0.05064816772678782,Z
M76.31,2.253254372507088,0.333625051635423,M
Z13.79,4.8091072912878605,1.1205213777090108,Z
R94,5.207660883184413,1.391864065872853,R
M79.9,4.685879730573829,1.181913520547572,M
R03.1,4.710750514095932,0.9173768891475206,R
M81,8.036103641777956,2.15035325288345,M
Z95.1,5.621348623618668,0.9311857102126601,Z
M43,4.462885573969513,0.7881736646407547,M
Z48.3,4.542538080309284,1.17632594939469,Z
Z72.0,4.850604739415165,1.0567562672674065,Z
Z20.3,2.7882916057383933,0.4980817287941333,Z
H66,2.440021733702568,0.47341271666445683,H
M71.50,3.2870937826106457,0.6917737020179181,M
Z11.3,-4.20630768315232,0.7290778819074732,Z
H50,4.585456262561841,1.0316823972410778,H
Z96.0,5.534311802283662,1.352583981775004,Z
H92.02,4.152301838106458,0.564423406423249,H
R30,6.085278116834658,1.4284902619706703,R
M62.3,4.585528680137006,0.6541181786710435,M
H02.36,4.166681071714756,0.8245988310748271,H
Z68.24,4.149719355310891,0.8933958222637446,Z
S90.12,3.196192718361418,0.5847922593699014,S
R15.9,6.716285441973219,1.5392832386054325,R
M99.05,-1.2157486636295967,0.06931456828058194,M
Z46.6,5.945558923902135,1.3460217864138693,Z
R00.1,6.219383959150289,1.3355659724569398,R
R97.20,4.2468112207722335,0.9966047677854254,R
K29.70,5.196262396991468,1.2447388932083392,K
M23.35,-2.0218408421539675,0.13619897646157977,M
M51.26,4.081288140457072,0.7136737471985666,M
R39.9,4.711254856364025,1.0910452206396768,R
H90.41,2.5799936824990586,0.42268335135664964,H
M53,3.453630605449481,0.45216972319029325,M
K72.90,3.7652443418143062,0.6719367496002908,K
H53.8,4.570436073883343,0.9274620742695248,H
Z22,3.751165598897939,0.4645028398011817,Z
M1A,6.156409588794671,1.2504845387390187,M
K82.8,6.2270026625329296,1.4052827547487527,K
R39.12,5.448714609620747,1.4268461890624062,R
H50.00,4.382045702904382,1.0177797818980305,H
R06.09,5.277492562212776,1.0690028290358595,R
Z98.84,2.1700088166776754,0.30576993787599865,Z
K57.10,5.224281132014773,1.0334709814116398,K
R53.1,3.950412506363483,0.8701381266424827,R
S40.21,4.823411457184541,0.8776598748436223,S
H47,4.867552077741689,0.7675421301666772,H
K59.1,4.635073434029789,0.8067382175281391,K
S42.20,5.516016748368629,1.0752886514950108,S
Z95.5,5.907301622746779,1.1518035439031722,Z
R73,6.055756290497236,1.340244060869379,R
K59.01,6.100704488428542,1.5261220621691458,K
K63,6.394517046069247,1.7466043383107335,K
M35.9,7.457188561845115,1.754693057922826,M
M66.36,0.026566218591951164,-0.027757757716737292,M
M25.9,4.378314001607414,1.0429500995460976,M
R87.61,-4.154858229242467,0.8249575935985142,R
S01.81,6.42398286154305,1.6934774649690256,S
H52.03,3.6339942594959176,0.6481698155777985,H
K92.0,6.77087576626363,1.528289818825378,K
M06.09,4.7887377388174475,0.7246786251682658,M
M22.40,-3.970330408534472,0.6632376219685139,M
H11.12,2.7655519506522905,0.39918241859209225,H
K29.30,3.772730743471637,0.8237956132051734,K
M85,3.8716025840209123,0.8691240538784514,M
S31,6.361823078962692,1.5493452101712866,S
Z96.64,6.46596810637231,1.6437936436901597,Z
Z85.41,-1.745543077631714,0.2593688991400921,Z
Z13.29,-3.1560918373107607,0.7333115486813095,Z
H00.02,3.27280485920155,0.5594283574322401,H
S91,4.898210373170626,0.9536688166195246,S
K29.80,4.647173363748122,0.666815100499317,K
K81,5.318768926252738,1.1715099269802722,K
Z20.9,-1.8531780840858163,0.4446065733150174,Z
M54.17,4.978408354860384,1.002636776463445,M
M25.64,4.292115687321664,0.8771991721233848,M
Z51.0,5.983597160806643,1.3419472020853627,Z
R07,4.267752453535561,0.8683427190049733,R
M65.4,2.434451993236229,0.21069943719214068,M
H52.20,3.891978405326756,0.750909981786691,H
M20.12,4.470831713844575,0.7751457324427412,M
H18.41,4.612947650260115,0.9177882228644909,H
R20.8,5.319361280112658,0.950929613769517,R
H10.10,3.182810853760628,0.6063933557283876,H
R80.0,3.893138844270979,0.7689128533621011,R
Z01.41,-3.43933390634186,0.5536431941481785,Z
M19.24,4.809007228026307,1.076241116375703,M
K86.2,4.938607648816771,1.265148167698133,K
M24.87,2.4557871696813454,0.558031226224381,M
S36.89,3.9542948980746493,0.7308730262827507,S
H90,4.923251912870529,1.0304742565539657,H
R50.9,5.746135075294356,1.3583854437065954,R
Z01.89,3.6157222442620545,0.48476067999635086,Z
M54,3.220420113350721,0.31044301078689884,M
K66.8,4.897498876399495,0.7164720756063692,K
S33,-3.060461050625799,0.4779527350634641,S
Z03.89,6.150306273278519,1.2430302157868582,Z
M12.56,2.7246829671134374,0.7253365100003538,M
M89.30,4.243538992905966,1.0106092646440916,M
H53.10,3.895186418259257,0.8005480180783786,H
R68.81,5.186363978436177,0.9532791829540431,R
S37.90,4.9808163924240265,1.169205421508099,S
M76.72,4.1328922643975305,0.756709397897827,M
Z48,9.12706000972476,2.5929198650392666,Z
H91.90,5.5351758852223325,1.138799409874064,H
K11.6,3.5473855301678427,0.6720553971919728,K
H61,5.137533769490367,1.179634423024266,H
R35,6.334518986130496,1.5737128157458256,R
R10.9,4.998453470095661,0.9685786996774925,R
R47,6.031048031887153,1.6062707730796644,R
H66.90,2.0193400503480845,0.2509496055859929,H
K52.89,4.534087035082551,0.9917258705446269,K
M50.00,3.4516272316806047,0.745647348260895,M
K13.70,4.45007134568036,0.9709606804708483,K
M46.1,5.292306421968412,1.3012135816894004,M
R42,4.863460661367126,0.9451126164379056,R
K62.6,3.6585236400832684,0.7638486651528401,K
M67.80,1.3624664970736113,-0.12068300374785118,M
Z98,5.330868127010585,1.291988952452508,Z
R10.33,4.404707190460796,1.172220806033652,R
Z96.61,5.017296602639802,0.8023465888921985,Z
M54.81,4.957054468140378,0.7482947851037909,M
K56.7,6.552291959103647,1.3967381044537686,K
K51.40,5.574843531890879,1.065058685250754,K
K43.9,5.574829236622416,1.1037958794720117,K
R07.89,5.721848787036869,1.3938912381010833,R
M50.22,3.0417412119554847,0.4530563747292835,M
M25.42,4.3740857081069695,0.8550336775344527,M
M77.00,-2.1952439729802413,0.38340700737975064,M
M16.11,6.491735694346729,1.505180349313339,M
Z86.39,4.177693625290671,0.8134734525118018,Z
S80.02,6.078278647256518,1.1638362163562443,S
M71,3.457730709838051,0.6392830292481674,M
S63,2.7028099710925533,0.37476625331442187,S
H53,4.513341656341988,0.9384179532515922,H
H74.09,3.530199131836382,0.3767554878551108,H
S31.00,5.1609351509969015,1.248568655304988,S
K12.0,2.0590185088579083,0.32913367323394904,K
R74.0,3.4267718674972603,0.7166394943600873,R
M06.9,5.42143771737742,1.0835409508131015,M
Z68.20,4.45331851059451,0.7389270723515264,Z
M25.70,2.9472594036475988,0.5302426455323348,M
K20.9,5.339733513487166,1.393330504787667,K
H00.14,3.4032963647255077,0.684185232521708,H
M72.0,3.301027441106137,0.3860303345753363,M
M70.60,3.966496472826945,0.47507491876112007,M
S00.33,2.5637566205421103,0.45659798783084715,S
Z12.4,-6.099244908722001,1.4755098770046255,Z
M96.1,6.1055849869934145,1.4425046566657496,M
H16.22,4.864981734663376,0.9694449345935328,H
M85.80,3.492372440031435,0.6292820648766837,M
M41.80,5.402345640229886,1.0820449595705133,M
Z80.9,0.9660205579800416,-0.04546569565675568,Z
K40,4.683133365268654,0.7853717161758321,K
H44.43,3.624929070194739,0.4084500985163213,H
S69.80,3.778364333648347,0.8032346154605836,S
H57.9,4.26377917331411,0.6199835142273625,H
M84.33,4.841907167688109,1.090285913820393,M
M99.01,1.1682363108205456,0.1623467683179801,M
S63.64,-1.12736086876771,-0.05731151162810447,S
Z53,5.042191061056958,0.7987150216562493,Z
M53.0,-2.151017466185522,0.20715403439542385,M
S90.42,4.827804988841938,1.0662103188237382,S
Z83,-2.8870826516281825,0.5299971146200473,Z
R93.0,5.392704653360249,1.6052695907291896,R
M23.36,2.678753146889966,0.3431950531570019,M
M84.40,5.216670916871122,1.0551786347077134,M
S03.9X,4.098363700482337,0.6561516654268329,S
M54.5,4.06015162591974,0.9332486239070844,M
K22.8,5.724281806046999,1.3614719755761275,K
Z90.89,6.396439703133423,1.7297412581569789,Z
H61.21,5.001584563256269,1.1356130547588903,H
S49,4.980785113058707,0.9073534965328975,S
Z79,4.6512223912299495,1.024448128531095,Z
K60,-1.3615486060923059,0.48805131535945273,K
K22.71,4.5075963383460556,1.062965993592572,K
M79.62,4.828749469838027,1.4815962027129692,M
M32.10,5.690690346770237,1.3221368463142948,M
M48,6.138822100783034,1.3810278870140518,M
M18.11,6.200482871541765,1.5027529273356928,M
R23,4.897604130184054,1.2339206095343556,R
H92.20,5.4850127730678055,1.0097762851577587,H
Z90.71,1.1364165675306166,0.08390670484544473,Z
S06.0X,3.6616021379383703,0.7413407884810921,S
H35.01,2.728661167074459,0.43402243618008435,H
R55,7.307178014453464,1.8741797929879636,R
M70.62,6.94397736922545,1.4898124848191447,M
K80.50,6.179074875407083,1.4315121325438547,K
S73.19,2.1172342599691922,0.331040227463257,S
Z86.79,6.933845404281286,1.228920874548431,Z
H34,6.421430300900706,1.653603977253516,H
M25.53,4.219363681317018,1.0701990825581167,M
M40,4.673428804193862,1.0762187017302807,M
K75,5.110138966237337,1.1583201059803834,K
H69.80,3.1186979944944655,0.4907980457571066,H
M25.66,3.423027904411984,0.5086770844451324,M
H04.55,6.411225099082624,1.2144009615190106,H
S23.3X,-1.555348407529116,0.39047550520838503,S
Z01.01,3.58736362925652,0.5499573168644325,Z
H57.12,2.171184375407448,0.2087930296362343,H
R26,8.737980631831022,2.524106890436205,R
R41,6.839743319122634,1.6474959023312712,R
M12.51,4.586747720285902,0.9743108735964303,M
S92.32,4.6457492268750125,0.7309367207986323,S
Z88.6,4.813709906577429,1.3073682748086928,Z
M75.12,4.085862140933721,0.654765108517459,M
M00.06,6.231195455181696,1.3241698923442942,M
Z68.35,4.682722968580009,1.1982695531609926,Z
K40.90,4.702624832981832,1.1112583192602437,K
H11.44,-1.7010584549754237,0.2029695003187197,H
M54.6,3.7786766194443744,0.6315450202530268,M
K12,4.392613860738039,0.8442640247654044,K
S70.10,5.4942786457931625,1.3913674653931596,S
S41.00,6.4007955256680225,1.5240842653480833,S
Z79.51,6.62164249395944,1.792421085996212,Z
S60.21,4.623803879123266,0.9758726914794972,S
H81.90,5.768811794435791,1.238831586553156,H
S59.81,4.423624637892205,1.413359078979761,S
R53,4.220808261542614,0.519611111344972,R
K55,6.840829810200472,1.6551815429784924,K
R06.9,5.3050541395003945,0.9911407878987296,R
R45.0,0.0324450644662219,-0.25976143087255005,R
M19.03,4.402157837618859,1.1232726156304491,M
R56,8.179589205352126,2.166469429417871,R
H10.40,4.448241313919128,0.8116724703782586,H
R18.8,6.049607354798741,1.5279284911686366,R
R82.99,4.371719886624711,0.7327465112518979,R
K59.09,6.130949893914583,1.4083336019771457,K
H18.50,4.440731938254954,0.8551633079558248,H
H04.32,3.406469042205024,0.5787522646764869,H
R21,5.249447948462736,1.173751530643586,R
Z17.1,3.395101722340114,0.39738809117146046,Z
S21,7.055618606608455,1.6776770016211955,S
M25.56,3.1130163420322448,0.4512107061716533,M
M67.01,-0.295358173872467,-0.29770174141820965,M
H50.21,3.9694967437627726,1.221752255951141,H
M15.3,5.258496515594049,0.7192890592305337,M
S30.0X,4.467872081583955,0.880342676607876,S
S93.69,1.9726004482610824,0.31141311876233385,S
M75.40,3.3819951913400974,0.6759710753815139,M
M54.14,4.29403306581629,0.7231422215871832,M
M24.41,3.9281464433082616,0.5424519410773142,M
S60.22,4.166267676818457,0.64784844617251,S
K43.0,5.097644631945403,1.232195928964451,K
H54.0,7.1227179427349725,1.4119656493346333,H
H68,2.5870773457170033,0.5096607880635118,H
S02.2X,5.988532919951707,1.3643180535702302,S
H40.50,4.338042239612089,1.018668334109707,H
S46.91,4.680840934432172,1.1562312009844347,S
K43,5.965924581574268,1.2712862061270322,K
K50.00,3.558465770278858,0.5698310057546301,K
R69,6.53443375570766,1.4562125521252354,R
M54.2,3.3814110903349093,0.48166804713762634,M
H59.02,6.221257189881561,1.5796961656848583,H
K65,6.344509227688876,1.3525823251920552,K
H47.23,3.6510596908054502,0.933374498531956,H
S05.00,2.6575089610081637,0.6282733390116279,S
Z68.33,4.71899331469175,0.7689452470844321,Z
S09,6.7641173742890635,1.6813354832265657,S
M66.9,2.670181432806522,0.4860261522180518,M
K81.9,5.2968982158044495,0.9585893460165535,K
H25.04,6.248451873237752,1.4929848114283517,H
H74,4.482618113650621,1.1627609119934277,H
K20.90,5.0051214208704655,0.9103312498655928,K
K11,5.185196717804287,1.0056452375673397,K
M67.44,2.407789961607567,0.13685457673259396,M
M65.31,-1.3343264891890487,0.3122457018308116,M
S23.9X,2.6179073035524834,0.26953722833502214,S
Z47.2,6.020124626081384,1.2709925339328474,Z
R39.15,5.510927045610457,1.2561149707603483,R
Z13.83,3.1492809839265705,0.6280333529793489,Z
R45,5.574837524240322,1.2583359695444292,R
Z82,-2.1921704310151724,0.35984058878645675,Z
S42.40,7.705835461712902,1.6386220641330638,S
R97.1,2.8749226665282284,0.33618627054204187,R
M65.30,2.648452730690507,0.43632086421094984,M
M81.8,4.331949065051409,0.9180781524643191,M
K81.0,7.860853960279891,1.861971872199134,K
H02,5.061460809105667,1.1454654344527053,H
Z09,4.595540238383032,1.1283770618970224,Z
K31.89,5.309153448717023,0.7519761010475956,K
R22.0,5.293669235077946,1.1467199185066739,R
H83.09,2.8101189412308303,0.44865773760914146,H
M19.90,6.905286568277147,1.4989273211712424,M
Z68.29,4.808225534289906,0.8582557819428797,Z
M99.04,0.3336317498564818,-0.18525327233695543,M
H26.9,8.319381406419199,2.1361093517279786,H
M10,4.79209597049906,0.8907759711636892,M
M25,3.1461493874203326,0.5459473449036113,M
S69,3.273019744385446,0.5486646546586594,S
M70.70,4.751234000846594,1.0399325007737088,M
H17,3.9902455285586167,0.6124839648637638,H
M79.1,3.779305053683798,0.887899198903554,M
H10.12,4.228536186483784,0.7735087111670065,H
M70.20,4.452238528280595,0.8116958140665832,M
R26.2,7.732506099779622,1.9436242612315762,R
R03,2.5888141062826158,0.5594043471185401,R
Z76.89,3.397908462779804,0.27096178179810376,Z
K29,4.345847137590439,0.8890864442700451,K
S72.01,4.402730743344624,0.7539590140725114,S
R10,4.813444310278717,0.8549529182037844,R
Z03.81,1.0617436198882986,0.021921597113720617,Z
Z71.1,1.9188342937984886,0.10278865522851802,Z
R82.90,2.937130466548241,0.6473127054567005,R
K20,6.051271285762884,1.3244001677607142,K
Z20.82,1.7296140766871766,0.18016371731249076,Z
R26.9,4.955133156224559,0.9608090902303359,R
S52.50,4.698191858955695,1.1520349438453332,S
R47.02,5.795120471439289,1.0740950854478386,R
H35.50,6.12519483502219,0.8734521063358771,H
M65.87,2.282190266395973,0.4676546478275166,M
Z98.61,8.270662365754134,2.009975662016441,Z
R93.5,6.2233571243961725,1.3810621192411234,R
Z47.1,7.404781266798812,2.058338532168226,Z
M75.20,2.843358931861915,0.5240435957936862,M
H65.19,1.666390502025677,0.16383214239753333,H
M50.31,7.218930607624881,1.7014719476332443,M
H65.49,5.497936637365492,1.1001924303397093,H
R94.4,6.245002664044832,1.3653979088623092,R
Z90.81,5.015697309616751,0.6653310536888866,Z
S42.21,5.425093133025786,1.4068169586882804,S
M75.42,3.309815640432184,0.6236445270011616,M
M24.81,2.566915181938041,0.6328489274140093,M
R07.1,7.129846374802876,1.9200931780207966,R
Z00.8,-3.2342481542281982,0.6868266100508217,Z
K51.20,4.13151638259472,0.6500644559962212,K
H91.93,7.7722316538273555,1.6716051014869244,H
M26.62,3.5941084495795828,0.727894930520075,M
S42.29,4.369088410710724,0.9424576990705363,S
S10.93,6.457120803694921,1.577845546572708,S
R73.02,1.5691903274258414,0.3716763954554893,R
R39.89,4.409648692800919,1.0367985545895202,R
M25.40,4.998087622550263,1.0277804497569678,M
Z13.1,-3.247452028530412,0.6579300021894257,Z
R01.1,6.17620968641567,1.7438283340055614,R
S56,-0.7030653966456012,0.2746274159531536,S
K58.9,3.665777024849263,0.6233181238261318,K
K64.9,1.8392742354208216,0.17092572252446664,K
R82,4.480515966079581,0.8910940936751683,R
M76.89,2.939726733605266,0.804454893666761,M
S90.41,5.316944176105935,1.1434991654737827,S
M79.5,4.38699545813542,0.783629739404527,M
H81.03,4.02991523911145,0.8811100073137015,H
M48.00,8.84192909546084,2.6872977096121318,M
M79,4.098298898613623,0.7887110239171551,M
R09.89,8.105000742813278,2.1279265224760295,R
M15.0,6.612756849422142,1.6101782255326575,M
S70.11,4.7948544555278145,1.0625254530315336,S
M72,-1.450757219086716,-0.22075800268303117,M
R49.0,5.840500622602581,1.5307018052322032,R
R70.0,8.31692248188949,2.21167380975929,R
K22,5.891401965455359,1.4679040355221566,K
M23.30,-1.1261129756718262,0.12915376707691612,M
Z85.51,5.137636780904805,1.4087376152803301,Z
M70.61,6.073946197825939,1.4061810786891678,M
H10.52,6.051266379103424,1.3679467611821023,H
M72.2,-1.4577900285075351,-0.024509471640831337,M
S39.81,8.634295851538264,1.7443876181917504,S
S93,2.126671582372572,0.5954410973659707,S
Z13.82,-2.3384389949749362,0.3096642795657429,Z
R23.9,-0.16761061162616714,0.04964724274063009,R
M33,5.312814081872254,1.074039254751821,M
H40.10,5.311802290023074,1.2048678278774811,H
H71.93,4.721035481508464,1.034011800914299,H
Z43,6.238754620628852,1.1926718867573984,Z
Z77,2.9351304805306757,0.32731022615363664,Z
M25.86,3.4692468399972514,0.54693594274701,M
M21.75,2.977751403163185,0.47219979912024046,M
H52.31,3.6558037459590658,0.8097893298238059,H
S99,4.4173202715970135,0.941190024253624,S
H00.01,1.841851719955541,0.31537062831338875,H
Z91.09,3.3734918804350116,0.5218468567814113,Z
Z79.1,4.704074576474933,0.6808149110915707,Z
M25.76,3.7436613901561664,0.66241769130117,M
R40.0,6.8046515197999575,1.7077007370285335,R
M51.9,3.3253444652979236,0.5003693818345623,M
K20.0,3.252531708005952,0.5862206713434711,K
K57.32,4.391750835012974,0.9097894795007049,K
M50,3.7494088414743842,1.0203894573794514,M
M19.02,5.264614888201482,1.1595855379613573,M
Z83.71,-2.523337666488906,0.4623600041614861,Z
H35.40,2.9895184194189173,0.5606207000041047,H
S63.90,-2.2022040073375155,0.2580935598095798,S
H70.10,3.9442216769073846,0.8167085977440772,H
M54.42,3.86569918235572,0.8667403757557158,M
Z85,4.583443346340889,0.9254449020424935,Z
H66.92,2.0331890019992302,0.43815848235472976,H
S20.21,4.90136940919539,1.1512237218917407,S
R26.0,8.370478803196447,2.2649661690714744,R
M17.10,3.892847565938385,0.6386182481297991,M
K81.1,3.7395452272507668,0.9533859824606314,K
S42.25,3.106653410874501,0.5184037970854252,S
R76.0,4.028128650858305,0.8800486711016814,R
R11,6.761983329549289,1.569004441026277,R
R11.10,8.194130136519538,2.151924281259848,R
Z89,4.936387152611428,0.4586183892088363,Z
M25.61,4.296739391795165,0.6966920580975366,M
Z17,3.333941680016306,0.4057029958245354,Z
Z87.2,3.4051658178609716,0.738912584585669,Z
Z80.7,0.17179940727884527,0.1972714342545173,Z
S61.21,2.5659917558940144,0.7624887640083868,S
Z72,4.802096952720402,1.0776366959784198,Z
M16.0,7.223113735351356,2.0439432225936227,M
H21,7.245560182422469,1.9714018999173897,H
S39.01,3.5815279353702403,0.48601436089584615,S
K74.0,5.67428723318228,1.2226711610894632,K
R49.9,3.7344956694899,0.5299723608035366,R
M77,1.8744784043517817,0.024952993886042163,M
Z85.3,3.4425562769071423,0.7329388654358912,Z
R19.8,4.472713992708002,0.8987477619534563,R
M86.9,9.211830155239424,2.3375957973552848,M
S61.42,3.5456901406638095,0.6020163225851501,S
M66.82,4.3616546029476835,0.9176813491355309,M
R59,6.29258922465818,1.3876555256928713,R
Z48.02,5.066032832286749,0.9175535564645751,Z
R89,4.691992411903809,0.8869347657312703,R
S00,5.59032662655244,1.2766037328069086,S
Z77.09,4.663120363603128,0.8280993065306468,Z
S31.02,6.037212033599394,1.3318423643704758,S
R59.9,5.889682700324765,1.569937014548344,R
Z86.2,4.478861447342098,0.7947749946614014,Z
K72,6.557634291177581,1.7070563893909,K
M71.20,3.3858906757558356,0.3712986181345798,M
H40.05,3.3192450832046405,0.5804033217898401,H
K76.9,4.933763920565288,1.2951261700955699,K
S10,6.175212263290645,1.4317555238686772,S
R45.85,6.3766138620227855,1.5588114428315814,R
Z04,5.889407689266717,1.362628378518738,Z
R20.0,4.409266430643977,0.8659491701685627,R
M79.64,4.252699524368402,0.8636623372373757,M
R59.1,5.898038691208119,1.2069784462564548,R
M21,4.565194122386232,0.8267216427316263,M
H43.23,6.958994075222037,1.5960722888664867,H
R41.3,8.62005844890468,2.462987261880046,R
R03.0,1.5859693747209067,0.25428863436684995,R
M48.04,6.330787193316055,1.6556787177289425,M
R78.89,3.332540500104045,0.4518092232567854,R
H44.00,5.9179444546141635,1.2331433192181387,H
Z00.00,-4.595807837549911,0.5766083962518622,Z
Z93,6.15235348983972,1.5061111280974417,Z
M54.12,3.5912832643119104,0.5627316556430065,M
Z85.83,4.4964921283519725,1.0975095525555334,Z
K14.8,6.780782923327537,1.6286236948722959,K
Z68.22,3.918535980322948,0.6845164256982915,Z
H31.29,5.956088405527361,1.2367069464870395,H
S23.41,3.616387597980609,0.5323457568107202,S
H01.11,3.460458174830073,0.44980734309872805,H
H27.03,5.3340575816054985,0.941887454710885,H
H40.00,3.865395098012972,0.5672690233512095,H
R31,5.2443437875877965,0.862841344902877,R
H01.00,5.5759585654597865,0.9832700521367459,H
S70.21,5.044970494809414,1.0237884302027365,S
K62,5.931981342253298,1.2742853080683634,K
H33.20,3.9746808436626373,0.691298748486458,H
K86.1,6.078271118476646,1.3586764848360209,K
Z12.11,-2.6112149653414285,0.5119301487751053,Z
H60.39,2.807849288042156,0.4005791402903079,H
Z48.81,5.988224152400342,1.2382795942111455,Z
K51,4.350552878376326,0.6778482298388465,K
K29.00,4.542998450517162,1.1564651655012048,K
R07.2,5.552754169149555,1.2822133833918545,R
H57.8,3.677281717875074,0.9719031524729652,H
H52.22,4.450480953558924,0.8769297975751312,H
M77.50,2.9202742890232454,0.3841111153840386,M
H33.31,2.3960588723253964,0.23055618611340323,H
R73.9,5.33239405203786,1.0886981336389234,R
H18,4.937317259469193,1.247610771265096,H
Z79.01,6.247255282577919,1.3522749845744098,Z
R97,5.83931760722838,1.3422018443857024,R
R94.8,9.331310860350936,2.321628720652682,R
R07.0,3.4319348467296336,0.40202553620901543,R
S70.00,6.975929220116254,1.7411455955299129,S
S21.10,5.043676587485556,1.2177300124232069,S
R09.02,6.156733882067075,1.0071093533396742,R
H71,4.6142485306321595,1.0475001282136838,H
M47.81,4.381807829944125,0.8729063321591243,M
S63.59,3.222985667489557,0.3667766449545796,S
H02.89,5.577391419120907,1.0921418286212004,H
R53.81,5.979118450370816,1.274480840636594,R
S91.30,4.385406805349125,0.8665453870569301,S
M00,6.585713765623119,1.5392641590715581,M
S23,1.3691506623877512,0.20525133018499297,S
H92.01,3.1524924748164573,0.5196019877320667,H
R10.30,4.883887707974344,0.9123129575438818,R
Z87.81,5.458578854963875,1.1427347086446515,Z
H01.01,4.393072387796864,0.9364254191400996,H
R07.9,4.851734284205999,1.1157635764658782,R
S76.91,3.431048283707151,0.7585373977232279,S
R00.0,8.45393182104497,2.678183834210759,R
Z01.31,4.545266415376719,0.8270422416051035,Z
K25.7,7.062136354399886,1.8682214707336167,K
H35.81,5.117461562317573,1.0858558034679664,H
R13.14,6.519716062926718,1.4931720480503303,R
S90,4.542675929061841,0.8711712034251108,S
Z51.89,5.485828892679812,1.3229154590027385,Z
H91,6.21128270023311,1.7782486967214357,H
R10.10,4.047430575658453,0.8593266139119391,R
R19.7,8.239253235491404,2.3677463579993305,R
M48.8X,4.339981872399684,0.9154303732233322,M
R33,8.434506183565244,2.233492613131126,R
H33.01,2.5060909217409253,0.6578193560126101,H
M25.57,3.5980172288399834,0.8350212472040545,M
M62,4.223954429370396,0.6943234279934105,M
R15,7.961667234570975,2.068875578937815,R
R13.13,5.490879365894873,0.8092750746544674,R
H61.22,4.666286597445915,0.9790388987390126,H
M23.34,-0.7389755715650745,0.0703479913248283,M
Z73,5.753971406216042,1.13261328949439,Z
M43.27,3.2437782256255336,0.4565493454068271,M
Z90.5,4.304583881399966,0.8387970013969287,Z
Z68.32,4.591781431961896,0.9087269740064952,Z
Z87.44,4.09060340953935,0.9243122530240334,Z
H26.00,4.272674147805708,0.6313219654225486,H
H10.30,0.0547094119360505,-0.15079777226311256,H
Z13.22,-4.038673552948903,0.8822577392287387,Z
Z68.30,3.840703116375385,0.9339827875040647,Z
Z88.1,3.6640212754425256,0.714272778545861,Z
M10.09,4.742553303211096,0.9617581391826231,M
M85.9,1.8994700213044808,0.22751793500158363,M
M25.11,3.5207928145256164,0.6870891122865525,M
Z80.42,-2.1204305031084645,0.2738449051600821,Z
R92.1,2.062765283504569,0.2502235900698463,R
H69.82,2.3943106254208923,0.62614763985325,H
Z87.01,4.366767822187308,0.7471730548948198,Z
H52.4,3.7087617590703417,0.8710257515776004,H
Z98.1,5.894004687286436,1.1355412484249354,Z
M76.50,-1.8399937923695235,0.29656532234123745,M
R31.21,1.322558512788649,0.35099699518962535,R
M79.67,6.7753915033864,1.4590492951338287,M
H25.12,5.375541066863369,1.1651750576028177,H
M25.87,3.8815168676338154,0.8324883109459474,M
H93.12,-0.8510704732292423,0.33406190516273143,H
S61.41,4.388534630552271,0.6006041401764964,S
M24,3.8310041980542486,1.165030481306387,M
R25.9,6.319610119675399,1.773705604645608,R
H11.00,1.5405056347374868,0.4301186246450022,H
K57.30,4.372459050111317,0.9061779900655321,K
H52.01,4.800933123243892,0.8286238597911594,H
S29.01,3.2118750556408133,0.6040867250908346,S
M21.41,5.0903247650950085,1.0834904454007437,M
H33.00,3.65821299646254,0.4964961915952746,H
R61,5.418968166848156,1.3418854204180177,R
M54.89,5.0934539990172185,1.234729727639499,M
H02.41,6.323922306926422,1.1299515331162253,H
S46,4.821029110491594,0.9561878184565371,S
K86.8,4.23586621617864,0.8247708778016318,K
S90.30,4.14756653623199,0.8118669776478618,S
M43.00,5.73471945256567,1.0128281970654869,M
K21,5.248232444369091,1.323805283912514,K
S46.00,5.8311265134751995,1.5333820810060006,S
H20.13,4.682136848607341,1.3218002576681471,H
K76.0,4.121561338464276,1.1457916486739201,K
S92.91,4.080926492699804,0.647365551930668,S
Z12.5,-3.6701349232265144,0.49709510297487575,Z
Z12,-3.2040500608267863,0.4784682452199299,Z
M20.5X,3.2296195474750427,0.3880789809324545,M
K22.9,5.332308600089129,1.10625926755403,K
R20.2,3.944866237454276,0.5583694630895268,R
H25.11,5.812185880812938,1.2077800574615993,H
S92.35,3.852089014735636,0.5604119864634404,S
M24.53,4.027354929427877,0.8877727794436288,M
K51.80,3.1184319571242627,0.533952162773277,K
M53.1,-2.424743061280363,0.6044080083402876,M
H81.49,5.336321805843293,1.6254411573811196,H
R80.9,5.456012508803856,1.3399012130372805,R
Z71.89,3.031698035330784,0.6322442275942248,Z
M50.12,3.18105495225931,0.25439400383659133,M
Z43.3,7.8686751529653005,1.8424063168886216,Z
H26.8,4.056075547678559,0.7700961118786817,H
H10.50,5.019674958477902,1.3361183294555525,H
R04,7.604761826058255,1.925685339872972,R
M71.30,3.041474952084549,0.676514215757483,M
K82.2,3.716676668146202,0.6600738800663969,K
M94.20,-1.6001331315425866,0.039535080464736055,M
S19.9X,4.9698666542854335,1.0367254947952955,S
Z51.11,8.718207487630092,2.6560009950981867,Z
Z87.09,6.6725607526988275,1.5957974328050706,Z
H30,4.477541352359165,1.0249408510500828,H
M06,5.066843952525662,1.04280189930521,M
K64.4,2.344059794816267,0.3619144815712107,K
M62.50,6.4754920103409725,1.7057973518591825,M
R49,6.852175022006375,1.4822336432406313,R
M51.16,4.129085087826321,0.8026344462489851,M
Z68.43,4.201594753358951,0.9395048713700153,Z
Z86.14,5.643850097652583,1.3460852871021312,Z
R60.1,6.594898351516697,1.3796552836174698,R
S05.10,5.325907155774966,1.1378711389145801,S
S22.39,5.865154778404024,1.1797921017208972,S
H70.00,3.524815953961766,0.4630318365506449,H
H10.32,2.147597936906727,0.20091723656319996,H
M81.0,6.381326059257487,1.3963449387532978,M
Z52.00,4.616953520337012,0.7819458134456347,Z
M51.36,5.089449971936272,1.0752582443815422,M
Z85.44,3.8206178226529075,0.5825445692913173,Z
M21.96,4.016107945063776,0.8884847927334378,M
S31.80,4.385924048039396,0.8243713959156445,S
S46.21,2.649221461028985,0.14232341328005643,S
K04,2.350335627046015,0.4434400393616497,K
K58,3.6388057587509954,0.600042563453079,K
S32.01,4.564888841305783,0.605204373306932,S
K75.81,5.041714180290097,1.191361050311692,K
H16.39,3.27968722207434,0.4919038861509001,H
R93.7,5.51121341866637,1.0958961247631183,R
R92.0,-0.9253513237362655,0.24240472050723047,R
H30.93,4.196707703398974,1.1398177930122908,H
M18.0,6.18782253019556,1.4277588577144187,M
Z76,4.383649616780094,0.7365641864541205,Z
H10.01,4.084423114458214,0.7373483232823239,H
Z01.81,4.066845953795377,0.902470654969554,Z
M08,4.672879053879977,0.8247247808403099,M
S83.90,1.1725614187393243,0.2758861345840019,S
K44,7.356548068670117,1.9044924445798224,K
R79.1,5.060007573154513,1.1091620508038762,R
Z85.81,6.511779382881405,1.2213378820117284,Z
S62.63,0.2933421004153128,-0.05034302453311189,S
R80,5.736740298369562,1.4263808975975754,R
S83.23,-1.9696149875320592,0.25146657713224685,S
R60.0,7.390953956394623,1.8499096891698765,R
R10.32,4.270474535848328,0.9402278167108199,R
Z96,8.05220199893998,2.319541014877144,Z
R94.39,8.340066955893253,1.9011812585509664,R
M65.84,3.328700607772308,0.5193067586938136,M
K90.0,4.002638235331085,0.658575238340878,K
K40.30,5.048052711824551,1.0499294050445542,K
M75.80,3.4282062735111363,0.9459045117618676,M
R76,4.455433121038107,0.7022359832890589,R
R59.0,7.369916547120295,1.8699774837519703,R
K90.9,5.190558406955149,1.1319720753050049,K
M16.9,6.157507059609239,1.1622127122028578,M
H53.40,5.714179384601134,1.2513597869852713,H
H34.83,6.0879815962656405,1.4372165989293648,H
H93.11,1.197143478421408,0.0007609829537739699,H
Z68.39,3.450021976981385,0.5321783837913004,Z
K35.80,2.058364435921203,0.20424934792328509,K
Z23,3.1897362767960864,0.748711859402485,Z
S22,8.853473415730106,2.459992261028601,S
H11.04,3.9705066081030065,0.8736061410563531,H
Z80.0,-1.9856355103449672,0.38153003633799143,Z
S61.01,4.229232525554106,0.7516472759260501,S
Z83.49,-1.9378337836311792,0.08800337700878583,Z
R09.82,4.477461179056683,0.7921820264729655,R
M25.47,4.35166366666999,0.9503520612388153,M
R29.89,5.444318515385019,1.2893121257003604,R
M79.7,4.711979410394279,0.8004440165479834,M
S83.50,-1.4825008633872554,0.20465800271202608,S
H40.01,4.010072103830644,0.7328744369852657,H
R29.3,4.000319754845946,0.9928992179295411,R
R73.01,-0.16464176843728004,0.18671932060046825,R
M51,4.20907113003761,0.9292864980298841,M
R14,6.966443021674753,1.768535216861728,R
H54.7,7.775508872722999,2.1962186014346186,H
M1A.9X,6.195205378062102,1.1079841652945666,M
M13.86,4.635399385442391,1.2275513381725052,M
R47.01,4.936815004355372,0.7348776247959292,R
Z63,1.5840143667743019,0.08412191416331041,Z
Z68.38,3.9623709115222523,0.9286103449438868,Z
R63.0,6.781332087417747,1.5787067145165394,R
Z65.8,1.3349037218482636,0.12791543900795693,Z
Z88,4.4633240646976615,0.7874287726378207,Z
M24.57,4.093657535228054,0.7394509586317989,M
K66.0,5.200070231811823,1.1804153697124238,K
M84,4.550758122463533,0.8302031159648537,M
R93.1,6.375648814879751,1.6358742175054293,R
M12.81,6.507368358616065,1.2793017093956973,M
H04.22,4.78785635807588,1.09100417604546,H
R18,6.434854142182258,1.4097091539967255,R
K21.9,4.221060446710109,1.0445146698501424,K
M89.9,5.11138011671753,1.3052451621800758,M
S81.82,7.006045158659635,1.5692759447384925,S
Z68.31,4.8036107068058715,0.905466720879979,Z
H35.30,5.803407784108411,1.180680431805055,H
H65.90,3.1234719473703274,0.23106418013356078,H
H02.10,4.901692774136524,1.0498885631876642,H
H90.71,4.063004699678003,0.7708717727542621,H
S79.82,8.250508610874125,2.1835066740443323,S
Z91.04,4.6325932235627425,0.7349432154238786,Z
R87.9,4.225668324487661,1.2509511291845699,R
M25.36,2.501465626089738,0.4668427659318465,M
Z74,4.6238252992400275,1.020345290328854,Z
R74.8,5.99484375785626,1.371170174027569,R
M16,5.425367148037175,0.9186552881185848,M
M25.41,3.2738485270722917,0.40191147483586487,M
R00.2,5.333343090936816,0.8790712641689096,R
S67,-0.6814897498827169,0.2884433008543553,S
H40.89,3.925728261832997,0.8565481854804181,H
M99.06,-2.2590730819066276,0.3305725468521345,M
M24.11,0.7990651354955435,0.2682107119485055,M
Z86.19,4.925350489461144,1.1017953739280617,Z
H02.42,4.809927841310227,0.8863125447963,H
R29.81,8.177831699976078,2.0171983542432708,R
S39.82,6.156880799095195,1.4952663787036025,S
Z87,6.0805530880326435,1.41924909893094,Z
R30.9,4.868946667335933,0.8129837824197902,R
S83.8X,3.107925758061985,0.38145574090366674,S
M41.9,4.981962065574503,1.1954118572515733,M
H26.49,6.692551310510192,1.5043843106108168,H
M54.41,3.806456951795841,0.6220394413950294,M
M11.80,6.001998527492822,1.1826102948735169,M
Z92.0,4.846219375938445,1.1747666644568715,Z
H35.89,4.0677682280785,0.8431416974200492,H
M33.20,3.4914018979411425,0.6114423664134945,M
Z11.51,-4.800662793227645,0.9573122130544428,Z
S01.50,4.87390057325646,0.9758419384506856,S
K56.60,7.377054951582951,2.0138749747482656,K
S00.83,6.167760410449218,1.4225987547014676,S
M20,4.427568967792651,0.8911859072301893,M
K04.4,3.016323372050108,0.31373622299199344,K
M12.88,5.101915631248757,1.4075745657217293,M
H55,4.900301460455946,1.0641310883566308,H
S32,5.589237019766568,1.1872839905502741,S
S49.90,4.751327001513768,0.8596020876009891,S
R20.3,4.927204026820549,1.0276412885112836,R
Z11.59,-0.05770439569671422,-0.22899320188719013,Z
K12.1,5.211853472984948,0.9001047482296848,K
H04,4.203209510628105,1.1696370171495594,H
H25.09,3.425196856006102,0.7493982882445438,H
H92.03,3.5668997598523955,0.4194724754369231,H
M45.9,4.532646043050214,1.0311602409438545,M
S22.00,5.716290725155019,1.3456505703199482,S
K44.9,7.6204230594494105,2.16723438987768,K
K63.89,5.110385466459955,1.3122037528151793,K
S32.02,5.217102284249804,1.1027051620177224,S
M75.81,3.4772494430242955,0.7779685324203682,M
R16,6.169263884448038,1.5236890350145575,R
Z00.12,-1.3181711950464923,0.0971267261442343,Z
R43,4.698976285994404,0.9151653023712595,R
S67.00,-0.03304073765309034,-0.19349486375295935,S
H53.15,4.291154211793085,0.7138854435299906,H
Z99,5.170965298053927,0.9890379293066487,Z
M47.26,5.944032010082659,1.4355878527819463,M
Z88.2,3.621445665518182,0.7678116819661018,Z
H18.59,5.470520001808865,1.1821866781287196,H
R06.01,4.90420461246665,0.6385835349339128,R
S90.00,6.059802740793715,1.429241539091017,S
S33.9X,2.3017277364155873,0.6148475102558343,S
H20,4.486746275823794,0.9759878345844929,H
H54,5.7044748784469395,1.155013361739049,H
K27,5.2483628718021045,0.9380517784076734,K
R10.31,4.401992750661558,0.8070294297032942,R
M21.42,3.7188479803923262,0.7273736100987305,M
R35.0,4.280618903372869,0.7758288716218116,R
Z79.02,6.697491491543368,1.6317817310515013,Z
M79.89,7.088688444433265,1.9001153768592134,M
Z74.3,5.015757524291334,1.154337654378972,Z
M19,4.978438229789809,1.1364337353342053,M
H70,4.389942658130337,1.029323070306362,H
K11.9,4.704185062489545,0.9814136106568859,K
M87.00,5.355019040614933,1.3193221778904005,M
H66.00,1.8567234686732175,0.31328917838304343,H
M75.41,3.1254943572875944,0.24828488806661902,M
H65.00,0.9766269271827038,-0.2333348007319956,H
Z68.21,4.681821008389205,0.8782580827522629,Z
Z01.10,4.156076436174876,0.6583438654219255,Z
R06.89,5.445407221210123,1.01104592933788,R
K64.0,-0.34058945773659216,0.28217679583076044,K
Z48.03,6.119464952660198,1.334936686779825,Z
Z90,5.012588854085988,0.8650839412303966,Z
Z63.0,-0.16466803229673216,-0.060762608533980675,Z
H15.10,4.230640088802672,0.7945658738019664,H
M99.03,2.6344089217798623,0.4934960434536079,M
H33.32,1.543138502795134,0.21171249946739792,H
K26,7.081152893629737,1.436895097235376,K
S01.80,7.46316509942879,1.853399332258597,S
H92,3.4958256679012263,0.4916342702808154,H
S51,5.701586469241565,1.4211445649242398,S
M85.89,2.9856237991291845,0.5202281484457763,M
M26,3.466051076718032,0.4957129526800681,M
M25.71,5.991959448467043,0.9035721281190853,M
M25.62,3.7566108409586834,0.7685735953720759,M
R39,5.367378443684044,0.9109773569392409,R
K31.9,5.526625549617587,1.614768511681264,K
K80.20,5.451615287304754,1.2373777016084295,K
K45.8,6.161240309322419,1.3138820506396218,K
R74.9,4.61737592081004,0.6770837030962163,R
Z71.6,3.4594969502325896,0.7244955045444212,Z
R39.14,6.411832665268361,1.542760734664369,R
Z13.89,3.5227688561460493,0.5489111280750287,Z
M32.9,5.06577694199965,1.1548449878299143,M
M15.8,4.404441556550516,0.8924425989731686,M
Z68.26,3.7559294096301152,0.6368358790190536,Z
M85.60,1.600107909953276,0.29410855513169104,M
S31.12,6.512141673029542,1.5410969549446978,S
H05,3.7729420703750742,0.8628934796962449,H
S20,5.330482953627325,0.9707489957979113,S
H34.82,3.744005254477791,0.7936433402117042,H
M41.20,5.683605746916567,1.0647278707910623,M
R73.09,3.84127097843148,0.7884459917822791,R
K14,5.398148774508053,1.3280134906492722,K
S86,2.1230694540290993,0.42012922950755194,S
H60.31,4.059323784876231,0.6961586135813872,H
M62.55,4.753927842770045,0.9657139482907916,M
H16.20,4.105707524614143,0.6519255295665767,H
H81.13,4.036486256569221,0.7279420015448609,H
S01.01,5.288498892387891,0.9053920373175786,S
R93.2,5.048890828228587,1.008612819116299,R
S40,4.843519070443542,0.9376040808997231,S
H90.2,3.992314994501526,0.6127460053132809,H
S01.00,5.087943846518837,1.2806033047165426,S
M75,5.810801523900629,1.4327675609699506,M
S61.40,4.52760146373265,0.9827575901636207,S
H35.32,5.771617876834004,1.2654950265680418,H
H04.20,4.849415629254392,0.8750996206158852,H
H11,3.6925337479142146,0.9112266437604897,H
K51.00,3.5998439809167646,0.39775493190325156,K
R00,4.915444339652055,0.8703879880494435,R
Z13.6,2.414633096580377,0.45932678247465586,Z
H43.13,5.1207404216042205,1.0947324258090485,H
R06.00,8.708410350835878,2.3701708989573445,R
H31,4.5847735049821585,0.9783923550680308,H
M72.9,0.7915286190192231,0.04427617691860094,M
M76.60,0.8088664900016371,0.36262098475343485,M
M99.02,0.34638659737254807,-0.2843438099126441,M
H61.23,4.42212398744397,0.6510305142352109,H
R13.11,3.950329670247269,0.5066897272150049,R
M71.9,1.8854202351541507,0.25399275006289307,M
S80.10,6.1942681813600995,1.4628220606301428,S
M79.2,4.604403889364813,0.9807443170187387,M
S50,4.197895538015634,0.693841776735991,S
H17.9,4.278852212249584,0.8568784195307676,H
R93,5.554771951647272,1.43919470884245,R
Z47,4.601308232326345,0.9729745402348288,Z
M75.51,3.2882136455640376,0.660147153502889,M
Z11.1,1.7578058697636303,0.2951380306013047,Z
H81,4.556202717935079,1.0160377319696228,H
M48.02,5.029081313079178,1.0077381069028035,M
R49.8,5.437098312259104,1.2462043111686403,R
H10.45,3.0426163256380145,0.7092639302815719,H
R40.4,5.259013455960168,1.223031785506329,R
H40,4.690842529733074,0.8221798523404937,H
R52,7.048027183525364,2.1956951401364506,R
R53.2,4.753254148381934,1.0027128907828473,R
R10.13,4.401890593339423,0.5446832275986639,R
R32,6.85112677395554,1.787937049586511,R
K75.9,4.661692261499552,0.9112234821491485,K
M25.51,4.887369850513743,1.1064334232776196,M
Z13.9,2.471768981409068,0.16290392605595758,Z
S89.91,3.637796996977876,0.6240593659050443,S
Z65,2.27730614485024,0.3481829585254323,Z
M1A.00,3.9574698240231427,0.7673455570039749,M
M53.3,5.104555589415714,1.0836577358788722,M
R97.2,5.025597058160217,1.0189017289881626,R
H60.8X,3.6752415501095204,0.5491142371834594,H
S80.00,4.587493703221392,0.9616474211318639,S
Z79.2,6.104692029948606,1.4354037992854969,Z
K46,5.471505567277266,0.86678428175355,K
R06.81,4.880214982345405,0.8793132109550579,R
H65.01,3.4958986478616176,0.34480899458709546,H
R13,5.666527114565863,1.3407611649875057,R
H11.42,3.9919127952854034,0.9098947650912707,H
H52.7,4.032329583216505,0.7997635283690354,H
K31,4.9819285193314595,1.108204693184921,K
M25.72,-1.7944267627401385,0.23607875822531524,M
H15,3.963129303753255,1.0115425653186179,H
H90.3,6.0542567756955,1.6428519878450665,H
Z13.21,-2.286878194475063,0.2985268657316541,Z
K62.5,4.751000569532104,1.0551624817673972,K
H02.53,5.395063692111596,1.1306643293409426,H
M99.00,-0.9791026867959817,0.17230216539832363,M
H53.03,6.803602818507993,1.4795272013088787,H
H40.11,5.71457634273155,1.1833726257399733,H
S59,4.528703835290184,0.804078434523756,S
S42.00,4.3261859511256215,1.2252128128952215,S
S32.40,5.354027856164813,1.0989135290621084,S
M23.20,-1.9266506184147278,-0.14349995836406776,M
H40.13,4.66347301617152,0.692498159356501,H
H52.21,4.90032726223726,1.0983865759136076,H
R27.0,5.6797453970229315,1.2390476796256884,R
M77.30,2.169912120895694,0.3611896968515709,M
K50.10,4.6809732823379235,0.972076580462481,K
S92.33,5.7409972728656795,1.082825855964928,S
K20.8,5.116663615648066,1.1943220435136968,K
K63.0,5.105568323460586,1.1113119936373548,K
H26,7.232582368229103,1.8734960119615172,H
M53.9,4.332196618801385,0.8731477813598062,M
M54.16,5.470997168234634,1.136992514210032,M
S42.10,4.85830285329646,1.245163779065657,S
M99,2.4514161740758422,0.42686679096828695,M
Z46.82,5.815734296392897,1.2830748731016441,Z
R68.84,3.925206037174324,0.7221306349376945,R
R19.00,4.985761617284279,0.8860430976781324,R
K22.2,6.2260215016611165,1.5639319333139092,K
Z87.19,5.620057942055421,1.0228252903337403,Z
M51.24,4.5688318407090005,1.0084235706731042,M
S80.81,4.742018753183549,1.0411201575414455,S
K85.90,7.027290590444792,1.8325731088356656,K
R23.8,5.213476724666463,0.990310858840339,R
M79.66,5.893392854057159,1.4671636524801372,M
H43.39,4.0673747795719315,0.7186007052706811,H
S01,6.181315821237382,1.5842877187217412,S
K11.20,4.148897022010868,0.7052580460246302,K
Z68.42,3.9603448861687456,0.7103749819325422,Z
S83,1.919272326861756,0.26456492675369486,S
K40.20,3.815316473335472,0.8545913783010265,K
M80,5.859678028120326,1.2736446062644433,M
M27.2,5.4385883137127395,0.85631952289674,M
Z98.0,5.068456343448742,1.126131619563061,Z
R22.2,5.621592869003261,1.1619395667403933,R
M20.42,5.661311949222146,0.9804242722426106,M
M01,6.011072087369612,1.165106719371453,M
Z92.29,4.0281847070042165,0.7765479645435716,Z
S46.01,4.398832294912091,0.9994359980555608,S
H53.43,7.242120466708515,1.539968773523633,H
M77.10,-3.2312051994383175,0.5546007214410658,M
M76.61,0.26605714412528714,0.023858537405917826,M
R93.4,3.639200255739149,0.5494142648576064,R
R22.9,3.7567963434734146,0.575473266155936,R
Z12.89,-1.220107502579766,0.21459471327767565,Z
H02.70,3.5072426292007663,0.7871491344871171,H
H01,6.339038592364246,1.7615399347176992,H
R29,5.130240230414673,1.171851018075001,R
H11.82,5.248473985912344,1.1873818058388281,H
R40.20,4.015098905623853,0.5559547102028484,R
H35.03,5.858328546829769,1.415792395356631,H
K29.60,5.3889309359997934,1.2824147461072823,K
K26.0,7.308209529812502,1.9280224576700986,K
Z83.3,-3.053121703563057,0.24512293384278105,Z
M19.07,4.599574779309722,1.063120922169153,M
M79.0,3.2805823950682713,0.48190555419599534,M
M75.11,4.052091234477856,0.4367636657874978,M
R74.01,4.246362527953929,0.6131051782070265,R
M89,2.7986836448819563,0.21086689263159242,M
K83,6.288854634173241,1.3202496326310496,K
M65.9,1.995457347239605,0.44515308810754395,M
M05.60,6.165912517267819,1.5110828877454228,M
M10.9,4.47253573781485,0.6833211510151787,M
S92,3.713686387002114,0.5836026209178315,S
Z68.28,4.112976325457992,0.8243944582277924,Z
H50.52,3.282348270523649,0.4136117153555935,H
Z93.3,7.781145056954262,1.8285007692719177,Z
Z48.00,6.500518951080069,1.0855346810992623,Z
H70.90,6.037837352527358,1.225680214342774,H
M23,1.1962519090888293,0.456266461200656,M
H25.13,6.31724408171014,1.322175878404645,H
M20.21,1.1348429718775195,0.1634184199012365,M
H00.19,3.2624235588413764,0.6562685856495643,H
H04.12,6.56869486251888,1.6816485074522174,H
K25,6.20830347770932,1.484263445684463,K
S46.81,4.340292274740608,0.975469849720317,S
M12.9,4.241392191425468,0.7554529102759224,M
M47.16,4.819105316524305,0.9841673429962314,M
H04.56,4.77549830141166,0.7386495836358977,H
K13.0,4.687840038799673,1.010436228820579,K
Z12.12,-2.252494717227645,-0.008970516943213214,Z
H50.10,4.377594861299024,1.0621496881867054,H
M70.10,2.957742945109968,0.8442211587940702,M
H35.36,5.4231331471817,1.1631353689718233,H
R11.2,6.924182694916469,1.6738533764282315,R
R06,6.2287110511243,1.4560900946352595,R
Z77.9,-2.060459749407622,0.36198467616651137,Z
S62,3.245128730150257,0.6409704957721907,S
H20.00,4.986335604339431,1.2133441072639668,H
Z11,-2.46614986429,0.25731753452393546,Z
M75.22,3.6144113626822856,0.5943341130732812,M
R25.1,7.243883224130634,1.5780932453211278,R
Z92.3,4.890957140149842,0.8169525920012375,Z
Z11.4,-2.302076759211701,0.2797214328753211,Z
R51.9,5.34663738978003,1.1738684419037102,R
S60,4.307003344329629,0.8682959587421526,S
R19.4,4.473258194631252,0.7648649398986616,R
R93.3,7.396818455452495,1.690578272504527,R
R62.51,5.104384062714488,0.6646141067978123,R
K85.8,4.967602211419222,0.7922527282643436,K
Z85.03,5.107403664721718,0.9895050218782391,Z
H04.33,5.322617343420615,0.9498941911152191,H
M24.83,-0.7705036602507759,0.08042475691510767,M
H92.09,3.2099939006640614,0.5507214168592272,H
H66.91,2.7708145242366884,0.7352656586997237,H
K80.66,3.637865941906526,0.5637230544125712,K
K94.03,5.611830759240574,1.2621240450385423,K
H10.42,-0.1214858539209301,-0.18449056349601364,H
M25.54,-1.1171996036854823,0.3360157943745127,M
K83.1,6.36590572587109,1.2349319625265673,K
S09.8X,3.933646199805466,0.5885059846355901,S
Z68.25,3.992150614253456,0.6500616432358537,Z
R79.9,4.249646656888005,0.7227716861392556,R
R31.0,6.7246483287115595,1.787838829804093,R
S42.30,8.237189124693856,1.736671168564639,S
R45.84,5.5291260199578085,1.0313259443040204,R
M62.89,3.2904728372550833,0.7474794090342793,M
K62.1,1.5643011795964257,0.2668267859490464,K
M25.52,3.2864196980571494,0.5273339012870328,M
S83.27,-1.2811169707556553,-0.030797645013522362,S
R50,6.018399230096353,1.244018377649108,R
S90.11,4.334016739124954,0.6996059735006409,S
S61,3.4419833447925203,0.5679461067951758,S
M17.12,4.962364331290426,1.1313747993141954,M
S42,4.784291694320904,1.0352096853151667,S
M50.21,3.6666648911050013,0.48551689881160154,M
K56,10.155909102836485,3.6375462601069732,K
H40.9,6.380273112005659,1.3697567233350456,H
H73,3.34225948673015,0.6956332617317158,H
M45,4.66271717617203,0.751340831045145,M
H57.02,1.9692056856072104,0.5245636386530024,H
K63.5,3.5892108243254395,0.744419951958436,K
Z91,8.50939040151226,2.5093927495895962,Z
H60.33,3.0627873218858133,0.6669509109022432,H
S71.00,5.133134392259704,1.1486593685405122,S
K52.9,7.9675826599408,2.0659527434261453,K
H25.89,10.083998096383521,2.834723290221451,H
Z68.1,6.269007048286739,1.4393208603215766,Z
S06.89,5.482566685447689,1.1547680052820577,S
S61.20,1.7976626759348528,0.34011061580784696,S
H53.12,5.9145563722312575,1.2675493684765518,H
H90.6,4.570492986026876,0.9546106540692146,H
M25.50,4.873399130032199,1.2855490607729216,M
Z94.7,6.809771644662613,1.5641986475791176,Z
Z95.0,4.9776131416559375,0.8090840655092857,Z
M24.54,5.0383743405706,0.8304953862556066,M
H65.30,1.6805103145181806,0.3065293658268879,H
M17.0,5.517111876200021,1.3417109428821872,M
Z80.3,-4.856447713462367,0.9453213234929737,Z
Z79.82,6.847046575775141,1.790206415243088,Z
M26.60,3.293611023205984,0.6568779449665898,M
S39,6.343782623895447,1.5522955665794658,S
M99.08,3.789753062138404,0.8799126589390684,M
H35.31,6.086948203014074,1.639010463307708,H
R30.0,5.813609792197902,1.341964096113184,R
H31.00,3.26359651299288,0.5401698103250645,H
H69.81,1.1645622162959164,-0.0048580997070292176,H
M27,4.114012224644957,0.8801805752837248,M
Z86.71,8.12935685310267,2.014567591621813,Z
M50.20,2.962703135046568,0.7189504862419303,M
H18.20,5.259655197830406,1.36567474306674,H
M12,4.936722074376353,1.2309084303686655,M
H01.02,4.615818461874784,1.0985528524577541,H
Z12.72,-2.4044813653040262,0.4263000904448024,Z
M54.10,5.824912321862139,1.3875234989644394,M
M53.82,3.4283063061369794,0.7621539385023148,M
Z85.85,2.6193009247957457,0.4726539818478783,Z
K29.50,5.238005047920145,1.0978890469699405,K
Z04.3,8.293088532638249,2.386745536104155,Z
Z51.81,5.359066843121635,1.2978565616711275,Z
H33,3.199269699572301,0.6488409680636988,H
M16.10,4.854090005123428,1.0266206736490988,M
K86.9,5.4734064138175516,1.0033913507536592,K
S13.4X,-2.7431198882443675,0.5551796279684978,S
S92.30,3.826029417360176,0.8111120121529851,S
R16.0,4.840149490985232,1.017187762986519,R
M10.07,5.598648994727922,0.9059596232746153,M
H40.02,3.8248057727817555,0.8045759689521714,H
M20.11,4.288749451886645,0.8588157798788978,M
R70,8.467534133919031,2.1441380724155388,R
K74,5.551826121259109,1.4163856305169342,K
