feature,mean_shap,std_shap,t_stat,p_value,p_two,log_or,group
H92,1.3467454e-05,2.8966198e-05,65.752,0.0,936.7632337627314,3.234000077077056,H
H50.34,-1.0727432e-07,6.261892e-07,-24.227308,0.0,125.8010270755697,-0.17996785518762998,H
H66.90,2.1990418e-05,0.00013964041,22.27088,0.0,106.04477196191704,3.876576706631637,H
B34.9,3.2646676e-05,0.00021420089,21.55424,0.0,99.59299553517792,3.8086738459072915,B
B34,2.6082367e-05,0.00018250803,20.21064,0.0,87.21009677757537,3.4600663973197743,B
H66.93,6.4947003e-06,5.3518776e-05,17.162003,0.0,62.66989757478037,2.92325223716432,H
R09.81,7.467276e-05,0.00066455716,15.890768,0.0,53.65876498262504,4.36126528891355,R
J21.8,9.229746e-06,8.266725e-05,15.789605,0.0,52.936733323714996,3.3932929389735706,J
L30,2.000131e-05,0.00018646047,15.170036,0.0,48.54976578936053,3.8736845788914107,L
L3,1.4744709e-05,0.00013834969,15.072074,0.0,48.171195373638625,3.4621445669719253,L
Z38.00,4.708288e-05,0.00044245445,15.049064,0.0,47.80777089858514,4.005931862112082,Z
L20.83,1.7810371e-06,1.8708182e-05,13.46345,0.0,38.31777469014429,2.6447943112717387,L
G47,2.0727105e-06,2.204339e-05,13.297661,0.0,36.97050703587714,2.4636712386356203,G
L20.9,6.839489e-05,0.0007351263,13.1576,0.0,36.61635274537194,4.0011658642461985,L
J21.9,1.5331395e-06,1.700861e-05,12.747583,0.0,34.2378609139091,2.5467507232225444,J
Z38,3.105607e-06,3.50495e-05,12.530825,0.0,32.75899568062865,2.809891248167992,Z
P92.9,2.1358124e-05,0.00024209423,12.476526,0.0,32.40339658824906,3.60877732505238,P
L30.9,4.8147886e-06,5.5602257e-05,12.246156,0.0,31.068269019593547,2.935448675740259,L
Z68,2.9175314e-06,3.4858735e-05,11.836381,0.0,29.308541728081742,2.7562062801506784,Z
R09,1.5222244e-05,0.00018488034,11.64402,0.0,28.189440403192158,3.7448297401532757,R
H51.9,-4.874453e-07,6.1359046e-06,-11.23472,0.0,26.18949788132447,-0.9126905019185216,H
H66.92,4.284646e-06,5.415404e-05,11.189201,0.0,26.115123648861186,2.834612671545968,H
R68,2.7288052e-06,3.5056983e-05,11.008116,0.0,25.180653304663295,2.935054907271534,R
B3,3.178551e-06,4.097187e-05,10.971308,0.0,24.98149573965362,2.7241636000341245,B
B9,2.2095648e-05,0.0002978355,10.491686,0.0,22.54869644088799,3.835051229032539,B
B97,1.3160506e-05,0.00017854349,10.42422,0.0,22.35459871663218,3.5080668437809646,B
S8,-1.3066345e-07,1.7960899e-06,-10.2882395,0.0,21.928230514072023,-0.3875345214747747,S
H65.00,4.5353374e-07,6.4559804e-06,9.934875,0.0,20.339812012224638,0.936990682172885,H
832.2,6.456008e-08,9.494492e-07,9.616285,0.0,19.133084817610584,-0.061826992882306725,other
Q67.3,2.887931e-05,0.0004393574,9.295738,0.0,17.557150699899392,3.816104636121691,Q
J01.90,3.8412654e-06,5.870159e-05,9.254212,0.0,17.419728043954702,2.825697409593274,J
J30.9,1.1656893e-05,0.00017858442,9.231116,0.0,17.49179444000196,3.484483004618423,J
Z9,3.2620933e-06,5.0189796e-05,9.191702,0.0,17.042691523415904,2.969842658366371,Z
8,2.429222e-05,0.00037684655,9.11628,0.0,16.822442559373517,3.6537032652999044,other
B97.89,2.951638e-06,4.6041285e-05,9.066312,0.0,16.93123938674724,2.842016618316989,B
Z00.11,3.8747097e-05,0.0006133648,8.933782,0.0,16.323056713839332,3.901692755261224,Z
J30.0,2.473126e-06,3.9209724e-05,8.920053,0.0,16.399384633074707,2.459649692483177,J
F80.9,8.277836e-05,0.0013153112,8.900272,0.0,16.31237562494366,3.970138612457894,F
K3,2.4136264e-07,3.8537573e-06,8.857286,0.0,16.142204781121652,0.4707633343658081,K
Q89,-2.637191e-07,4.2292227e-06,-8.818526,0.0,15.94978088091818,-0.8350453247643029,Q
J01,1.1995413e-05,0.00019745469,8.591376,0.0,14.98776860640097,3.471549885401027,J
P05.9,2.3319426e-07,3.921025e-06,8.410722,0.0,14.343514817238708,0.34234077136475727,P
P92.5,9.084264e-07,1.6002143e-05,8.028356,1.1102230246251563e-15,12.941856384168172,2.048328873425758,P
P07.00,2.03371e-06,3.6625774e-05,7.8526673,4.218847493575595e-15,12.472749302225635,2.605040475268904,P
Z6,2.1200515e-06,3.883773e-05,7.7198267,1.2212453270876722e-14,11.95670344296759,2.5953450138055367,Z
F50,3.257172e-07,6.5841814e-06,6.996066,2.715605518233133e-12,11.648077555527786,0.7906660823224441,F
Z68.52,7.531329e-07,1.4079271e-05,7.5649567,4.0412118096355704e-14,11.454522037332008,1.551775608671563,Z
J91.8,1.2685755e-06,2.583899e-05,6.9431376,3.952393967665557e-12,11.48324357461826,2.2603604242431614,J
83,2.2557651e-06,4.603706e-05,6.9294906,4.352074256530614e-12,11.11624814829575,2.4102512974563326,other
R10,-1.4637727e-06,2.9959594e-05,-6.909597,5.006439707244681e-12,11.171549328208492,-2.7853525158478543,R
P9,2.8817567e-06,5.4363038e-05,7.4966736,6.816769371198461e-14,11.408121659233318,3.0726170992397512,P
Z05,1.4847488e-05,0.0003102869,6.7671304,1.3499867890232052e-11,11.10302652837388,3.4378750614283327,Z
E8,-1.8532345e-06,3.8771e-05,-6.7598705,1.41922029683883e-11,10.673233349055153,-2.596884769737265,E
H51,-1.1502856e-06,2.2222512e-05,-7.3202777,2.569056078982612e-13,10.529871996280425,-2.2815532519948394,H
Z13.42,1.4163175e-05,0.00029905472,6.697689,2.1736834554531012e-11,10.80996070865853,3.3512924375964928,Z
H93.24,-4.6300656e-06,9.781223e-05,-6.6943583,2.223665696021726e-11,10.88103487941032,-2.9629788861131217,H
P28.3,2.0744226e-06,4.0147945e-05,7.3071647,2.831068712794149e-13,10.258333418397369,2.945789923881261,P
Q2,3.4193192e-07,7.2765597e-06,6.6455135,3.099476231227527e-11,10.705454717469815,0.6673650756317125,Q
S00,1.7266443e-06,3.363452e-05,7.259934,4.014566457044566e-13,10.407271180186346,2.607163532531219,S
N48.5,9.953104e-07,2.1249722e-05,6.624,3.5849989643566005e-11,10.471649407220978,2.1450271448383247,N
Z01.10,-3.980092e-06,7.770434e-05,-7.24374,4.523048602322888e-13,10.297421221621109,-2.909314061495689,Z
E86.0,-7.7186695e-07,1.6494958e-05,-6.617687,3.741074117158405e-11,10.27164709793604,-1.6993032785315998,E
J,4.26876e-06,8.34363e-05,7.235386,4.809486142676178e-13,10.270863395159115,2.8752791436212415,J
Z71,1.7853294e-05,0.0003498806,7.2162814,5.53335155473178e-13,10.319752371568729,3.2867331325098714,Z
M6,1.7362102e-06,3.7408994e-05,6.563587,5.381695089567984e-11,10.112055660157072,2.656414297418662,M
K2,-1.5466496e-06,3.3528995e-05,-6.5235863,7.028932991204329e-11,10.067671825510164,-2.2382625392120694,K
H92.01,3.8323014e-06,7.5873875e-05,7.1430283,9.443557047461582e-13,10.45432223773014,2.753862266144031,H
Q21.1,-4.9972397e-07,1.0847981e-05,-6.514728,7.455569495107284e-11,10.070912082471748,-1.118715204162915,Q
J30.81,-4.727561e-08,1.0290915e-06,-6.4967794,8.399059225894233e-11,9.835109220285375,-0.15865168045548267,J
Z41.2,-2.5298805e-05,0.0005023211,-7.122518,1.0955680807001045e-12,10.167587544294442,-3.826265553006642,Z
Z29.3,1.4507812e-05,0.00031682066,6.4759493,9.64091029231895e-11,9.932624323874276,3.6545510529464,Z
Z03.89,3.464296e-06,7.58834e-05,6.456293,1.0976464182022028e-10,10.149934773277348,3.0135357176651785,Z
K0,-1.7579854e-06,3.8794464e-05,-6.4085603,1.5017853627341538e-10,9.86895221090713,-2.5410949517025885,K
R06.00,1.2766511e-06,2.5679108e-05,7.0308414,2.119193709404499e-12,9.766165948389336,2.5923114902364754,R
H69,8.1386884e-07,1.8035327e-05,6.3818326,1.788222903087444e-10,9.630808788564918,1.6418391903830292,H
A08.4,2.3012715e-06,5.1764713e-05,6.287081,3.3018521250482985e-10,9.126532092157385,2.6108749449431317,other
Z71.82,6.722454e-06,0.0001522077,6.2460613,4.2942072120411007e-10,8.883476670899384,3.08190114473989,Z
Z29,3.2219846e-06,7.33327e-05,6.213564,5.281943771251463e-10,9.792689010838883,2.880571103060541,Z
H10.33,5.6187023e-06,0.0001288638,6.166235,7.127580747834371e-10,9.066901301383627,3.2960227327931393,H
H52,1.7039428e-06,3.931209e-05,6.129766,8.965663766957731e-10,8.962182841948279,2.2233194276648534,H
R68.12,7.3319404e-07,1.7227103e-05,6.0189633,1.785975367596393e-09,8.57725543236161,1.5577458307236247,R
N39.0,-2.1389171e-07,5.034284e-06,-6.008571,1.904060242807759e-09,8.757142850504767,-0.4566979259926906,N
F80,8.705248e-05,0.0020490456,6.008202,1.908390778737612e-09,8.794508455243637,4.124565191745779,F
F,8.847926e-05,0.0020941691,5.975094,2.3385278158372103e-09,8.818626323199341,4.240164332501855,F
M62,1.3619128e-06,3.229981e-05,5.9629936,2.5181967622245342e-09,8.492300566882408,2.8119686364376806,M
J91,1.4245062e-06,3.3800177e-05,5.960193,2.5616568866126954e-09,8.505808505516315,2.6727194574286526,J
H65.03,1.5405094e-06,3.659409e-05,5.953446,2.669388710074827e-09,8.797892146156475,2.4862376703122404,H
F8,0.00010982249,0.0026149466,5.939412,2.9077842356173282e-09,8.587158808071605,4.157555065453891,F
J2,5.609756e-06,0.00013408855,5.9165325,3.3415750166909675e-09,8.55212254563498,3.0144792386779793,J
R68.89,-2.0134673e-06,4.8707054e-05,-5.84612,5.109949574588768e-09,8.465904195890383,-2.5230400250878833,R
Z38.01,-1.5301937e-05,0.00037165268,-5.822696,5.8792037904709105e-09,8.374341437070587,-3.6497950074695575,Z
P8,2.2595248e-06,5.4950237e-05,5.8151717,6.149407649758132e-09,8.52640301040247,2.5487206083800897,P
Z13.41,2.9877245e-05,0.0007290462,5.795628,6.908890792800548e-09,8.193025187626002,3.7795152296138634,Z
P39,-9.3594295e-08,2.288546e-06,-5.7836857,7.417092273698245e-09,7.989246881535562,-0.3047093540975706,P
Z46,-3.9071745e-07,9.682881e-06,-5.706545,1.169232843878376e-08,7.919010363497845,-0.8373005829531996,Z
J9,6.8483297e-07,1.7093224e-05,5.6659884,1.4819014459988013e-08,7.671457864505026,1.5536698647881477,J
Z20.82,5.783318e-05,0.0014568723,5.6139765,2.0035268111229243e-08,7.620791830158706,4.074336609445883,Z
Z13.9,-3.1274092e-06,7.973248e-05,-5.54708,2.941577692538999e-08,7.659367855624875,-2.7952633625584267,Z
7,2.4820352e-07,6.339135e-06,5.537235,3.1114838261459e-08,7.730512110669129,0.5398293904833815,other
P22,-1.7158766e-06,4.456839e-05,-5.4447017,5.250328394268423e-08,7.343212885948753,-2.655889321319862,P
Z4,-1.173908e-05,0.00030497072,-5.4436593,5.2811141237896215e-08,6.981520510321699,-3.4039552439247442,Z
Q67,6.930772e-06,0.00018067197,5.4250765,5.8602288355302796e-08,7.3021811255845055,3.078291851523725,Q
S80,3.3519407e-06,8.775535e-05,5.40179,6.673239627552618e-08,6.986646662011824,2.552745606351352,S
H65.90,4.7540772e-07,1.2518125e-05,5.3708367,7.924711553641829e-08,7.12177188907399,0.9201189458722451,H
Z05.1,3.4385394e-06,9.061101e-05,5.366709,8.107872062623755e-08,6.814347452006964,2.703949589327507,Z
Z91,6.588524e-07,1.7391008e-05,5.3576994,8.522042138636722e-08,7.257846854693954,1.7296237587469736,Z
K90.49,7.526264e-06,0.00020035749,5.312377,1.0936214067669425e-07,6.982989885797338,3.1308653475053996,K
R26.0,-6.765224e-07,1.8059269e-05,-5.2978177,1.1843542124800877e-07,6.796715246293056,-1.476941056975112,R
Z20.81,-1.1163926e-06,2.9810752e-05,-5.2961345,1.1953023104638305e-07,7.024189627201877,-2.4075094273718376,Z
H66,2.458027e-05,0.0006582403,5.281012,1.2981545527424032e-07,6.625161608914337,3.6176004925184686,H
H93.29,7.694632e-06,0.00020678701,5.262348,1.4369380907375273e-07,6.892098661561521,3.352728407682884,H
P00.9,-9.516838e-07,2.5581927e-05,-5.261074,1.4469184561605178e-07,6.926888670457357,-2.0758774381692047,P
L21.0,8.489844e-07,2.3183718e-05,5.1788297,2.254460806927483e-07,6.7622955310815165,1.9936053927864104,L
N,-5.736106e-07,1.5782789e-05,-5.139826,2.7758122533860785e-07,6.351879892846646,-1.350985817009198,N
S80.86,7.756204e-06,0.00021680362,5.0593843,4.243358824318477e-07,6.306252134421459,3.323699170878004,S
Q,6.046571e-06,0.00017196186,4.9726973,6.657443121227402e-07,5.923041806651846,2.926584584689985,Q
B08,-2.1147325e-06,6.0312686e-05,-4.958631,7.157304307003898e-07,6.095805015816639,-2.707528763239164,B
Z7,3.770709e-06,0.00010835654,4.9213347,8.663966271083012e-07,6.20011133723995,3.1536209597264,Z
H91.93,1.3116353e-06,3.7944617e-05,4.888526,1.0238126417760895e-06,5.8279816591204385,2.494195975037647,H
P07.15,1.0468975e-07,3.0349781e-06,4.8782444,1.07857163311742e-06,6.1672958443797885,0.20183405306874236,P
Z1,2.3900739e-06,6.942521e-05,4.8686566,1.1321676030018324e-06,5.716285197442569,2.624355078011463,Z
Z43,6.3909323e-07,1.8642708e-05,4.848085,1.255947767564436e-06,5.6881368214947905,1.3742993590000663,Z
F80.1,2.4765854e-05,0.00072577945,4.8257365,1.4051535350834143e-06,6.038141006345168,3.7290402684176334,F
Z98,5.4605505e-07,1.619059e-05,4.7696743,1.8582469563099837e-06,5.592181913997417,1.4444291881160116,Z
H3,9.977497e-07,2.9719207e-05,4.747876,2.0698745120117934e-06,5.707171033448436,2.2255377801861,H
P07,1.8770547e-06,5.6072855e-05,4.73412,2.215143745099013e-06,5.635177471022854,2.7285624601991634,P
P83.81,1.7136075e-05,0.0005138892,4.715816,2.4236821705159173e-06,5.869453404280298,3.6088002745927548,P
Z01.81,2.634176e-07,7.9492975e-06,4.6863103,2.8000647624981667e-06,5.5621979267472685,0.47082090902029433,Z
L70.4,1.6629238e-06,5.067862e-05,4.640476,3.4981155410118703e-06,5.729489249491935,2.4520161929316946,L
R27.8,7.2714874e-06,0.00022178421,4.6366854,3.562788307709397e-06,5.4494581711776044,3.182013885246698,R
832,2.5885075e-07,8.110484e-06,4.513544,6.411663806549228e-06,5.230851242236448,0.8118854526870538,other
H5,5.6005106e-06,0.00017554397,4.5118713,6.46239703816498e-06,5.124577007100447,3.037857163418974,H
M,7.0620524e-07,2.2207903e-05,4.4971604,6.925418633452196e-06,5.314246820287741,1.1085172977742639,M
R93,2.4579475e-07,7.734991e-06,4.493945,7.030763521376215e-06,5.04833549098462,0.6954003275170234,R
H61.23,-7.0785984e-07,2.2334229e-05,-4.4822006,7.428729930980538e-06,5.255271736051424,-1.501799454498004,H
R46,7.443086e-06,0.0002359939,4.460333,8.2278232460542e-06,5.295899393207802,3.309028061930238,R
R06.83,5.1843854e-06,0.00016640093,4.406122,1.0578465668098502e-05,5.13793114460623,3.095232878048677,R
P70.0,4.8560737e-06,0.00015600472,4.4021263,1.0775041164645671e-05,4.793581923400816,2.9152498390075245,P
Q6,1.279508e-06,4.1201714e-05,4.3918014,1.1299251282848031e-05,4.835808463600212,2.6636704728042275,Q
Q82.8,2.555927e-07,8.259013e-06,4.3765845,1.2116419761509787e-05,4.88782351723766,0.26715059398193014,Q
L92.9,-7.372294e-07,2.383261e-05,-4.374677,1.2222739603551249e-05,4.862311557728933,-1.8119117135877467,L
Q53.10,6.033559e-07,1.951009e-05,4.373502,1.2288702002427598e-05,4.450428964279255,1.2949801466835493,Q
Z87.89,-4.9778555e-07,1.6101278e-05,-4.372169,1.2363906059187356e-05,4.809997311692996,-1.0933608736816474,Z
M95.2,2.138728e-06,6.919485e-05,4.3711605,1.2421105320736814e-05,4.926188481611713,2.6742516131701404,M
Z09,7.1313565e-07,2.3175207e-05,4.3517456,1.3572741361711492e-05,4.866655404066544,1.5731972237673502,Z
Z23,7.8155307e-07,2.5624784e-05,4.313336,1.6158011398426098e-05,4.691850912709229,1.549995339609294,Z
T,6.8279626e-08,2.2390118e-06,4.3127046,1.6204192499147396e-05,4.748223217693484,0.12775616921819424,other
H6,9.371246e-06,0.00030747932,4.31019,1.6389366051194898e-05,4.906709240895908,3.212274968748401,H
R3,7.990087e-07,2.6281936e-05,4.299413,1.720614914080265e-05,4.755104140364312,1.9192285137508724,R
Q54,-3.6898825e-07,1.2176115e-05,-4.2856708,1.8304050410034023e-05,4.932121342339617,-0.7555833231671568,Q
R11.12,6.0769014e-07,2.0103445e-05,4.274907,1.9210253331625186e-05,4.955000871478844,1.2746201924764091,R
R10.83,-8.1522614e-07,2.7000664e-05,-4.2699094,1.9645398095402555e-05,4.79885612767968,-1.818694885748608,R
Z71.3,2.4623255e-06,8.1663995e-05,4.264124,2.016085333678141e-05,4.5737507015653005,2.603755302846236,Z
L30.8,3.760102e-07,1.2567945e-05,4.2310715,2.3361631692475623e-05,4.684180059293265,0.810318842879565,L
F82,6.5963254e-06,0.00022073898,4.2260833,2.3884804712714924e-05,4.523535259513031,3.0757931168443386,F
H92.03,8.9347634e-07,2.9964689e-05,4.216851,2.4882628002043106e-05,4.562775873383029,1.9641185553361866,H
H61,-1.0976681e-06,3.68173e-05,-4.2163253,2.4940652024740828e-05,4.338017216702044,-2.382122328224773,H
Z98.89,1.7194219e-07,5.771093e-06,4.2134647,2.525849389267698e-05,4.673211919573049,0.42440939658786414,Z
R46.89,4.0392138e-06,0.00013563578,4.2115073,2.5478203368844987e-05,4.381377126070267,3.1011700808598173,R
R0,5.9258826e-07,1.9922561e-05,4.206519,2.604635023195634e-05,4.8481374365328955,1.349744769834255,R
M62.81,1.8731013e-06,6.301384e-05,4.2037835,2.636302776215516e-05,4.4996178642248905,2.6721360792159268,M
P92.2,1.1600725e-06,3.9109334e-05,4.1948814,2.7419080551149836e-05,4.339552978100802,2.429750468751754,P
L71.0,5.8633617e-07,1.9881014e-05,4.1708364,3.047630538932644e-05,4.388440758083806,1.321683927309306,L
M43,-6.9844003e-07,2.3769497e-05,-4.155508,3.259147952605623e-05,4.552733028727405,-1.5876307740765707,M
H,1.948489e-07,6.6394296e-06,4.150326,3.333760445611844e-05,4.68752566422017,0.32582502180602624,H
E73.9,1.5137601e-06,5.1633117e-05,4.1461377,3.3952413932558656e-05,4.300604265250526,2.3541981589153176,E
R30.0,9.590613e-07,3.2749194e-05,4.141529,3.464140540998528e-05,4.413845956986197,2.3632734281529673,R
Z01.11,-2.9259093e-07,1.0027425e-05,-4.126544,3.697462703255994e-05,4.337340936986705,-0.7270990239562074,Z
R06.03,9.0733784e-07,3.1266176e-05,4.104018,4.076452592327584e-05,4.358977846634267,1.9611461359768405,R
H50.05,-2.3090692e-07,8.076999e-06,-4.042983,5.297309701202124e-05,4.384789407449664,-0.26715513872690544,H
S00.83,7.096225e-07,2.5092997e-05,3.999354,6.374394278663154e-05,4.239902930101872,1.6271912433488995,S
Z96.22,-1.041358e-06,3.6952115e-05,-3.9854352,6.759546840817698e-05,4.188386712527229,-2.167361900810113,Z
L7,3.2531875e-06,0.000115487936,3.983708,6.808853291584427e-05,4.058533777054201,2.5163314706276068,L
L21,7.991648e-07,2.8485076e-05,3.9676554,7.283631624321885e-05,4.053922658381754,1.748697393567412,L
E72.9,-3.0403288e-07,1.0865006e-05,-3.9573603,7.604430139629414e-05,4.231688326304208,-0.49346203506115105,E
P28.89,2.4990402e-07,8.985397e-06,3.933245,8.408956143157731e-05,4.059449802985933,0.5226371645897145,P
B0,-1.4342198e-05,0.0005210117,-3.8929894,9.933785959170828e-05,4.0343956080083325,-3.579254948069043,B
R13.10,-2.5463606e-07,9.360679e-06,-3.8470478,0.0001199206581963,3.7427830284492645,-0.727347000187515,R
I61,-7.1400564e-08,2.6273365e-06,-3.8432705,0.0001217808828231,3.7045086659052067,-0.1295538852652544,I
Z91.89,2.7262233e-06,0.000100361394,3.8415787,0.0001226228602793,3.8343149451007608,2.6979105924447686,Z
G80.9,2.2696636e-07,8.383157e-06,3.8288548,0.0001291333812281,3.869983119514854,0.65006213201521,G
P03,-3.5111218e-06,0.00012969557,-3.8285625,0.0001292867046813,4.053952085213836,-2.7659248682634012,P
Q62.0,4.6895906e-07,1.733681e-05,3.8254344,0.0001309382687799,3.7247915908896476,1.3487671053273618,Q
M95,9.352374e-07,3.4653436e-05,3.8167222,0.0001356436567709,3.8957888533016147,2.3825108083532704,M
Q54.9,-6.1754247e-07,2.2898115e-05,-3.8140123,0.0001371394025815,3.9495042495865214,-1.4938855843153258,Q
P05.18,3.88112e-06,0.00014411549,3.8085654,0.0001401930257889,3.765858934818191,2.7413546533902204,P
Q75.0,-3.00935e-07,1.1232547e-05,-3.7888677,0.0001517788911813,4.0645707962653335,-0.4395119225087707,Q
E86,-1.5336934e-07,5.77592e-06,-3.755194,0.0001736980277724,3.778273071319402,-0.3495559381996112,E
R26.9,7.0494383e-07,2.6562804e-05,3.753147,0.0001751222005808,3.5138749537412055,1.711138625506074,R
P03.6,-1.1676751e-06,4.404754e-05,-3.7489994,0.000178041433666,3.924855857812534,-2.4802506427623,P
D50.8,-1.4094562e-07,5.3267718e-06,-3.741989,0.0001830800256437,3.9395637000920956,-0.3277735454304276,D
P28.4,1.1320936e-06,4.2812342e-05,3.7396276,0.000184807118539,3.7969883622721103,2.288942552322278,P
P22.0,3.1982927e-07,1.2129457e-05,3.7289953,0.0001927752251031,3.9819437490162533,0.7628384206992727,P
J05.0,5.589897e-06,0.00021319409,3.7080333,0.0002094394839542,3.804785788536274,2.9338151524048963,J
K5,-9.595309e-07,3.6695474e-05,-3.6979535,0.0002179259377044,3.7602931631031713,-2.325916922092304,K
F9,1.4120108e-05,0.0005401374,3.696994,0.0002187502865265,3.7416399824207796,3.4259587800065887,F
F81,-6.5263794e-06,0.00024971986,-3.6960194,0.0002195907437234,3.6165591423140118,-3.1453715366238364,F
J09.X2,8.9121556e-07,3.4225144e-05,3.6825821,0.0002314912740444,3.806645182002594,2.3162545343920864,J
R47.89,1.2669154e-06,4.9212635e-05,3.6407092,0.0002725738426438,3.5137483674610595,2.4315846797428313,R
J35,2.750943e-07,1.0833989e-05,3.5909405,0.00033027609293,3.359286440606231,0.45535715688663225,J
Q89.7,-3.1253774e-07,1.23855425e-05,-3.5686374,0.0003596824015397,3.730500370864548,-0.8894762571318274,Q
T07,1.102646e-07,4.373839e-06,3.5652363,0.0003643761151836,3.356657447865761,-0.09858083810339568,other
L21.9,-3.854828e-07,1.5304868e-05,-3.5619714,0.000368935776863,3.5781182431202456,-0.8146227357576201,L
Z13.0,4.4935382e-07,1.7858814e-05,3.5583677,0.0003740304975301,3.169747374277168,0.9260333970579853,Z
R6,-1.591174e-05,0.0006328765,-3.555607,0.0003779777711663,3.4169774208202237,-3.5085486326969613,R
M24,-1.3232668e-07,5.2982064e-06,-3.5321043,0.0004131951021131,3.5239314764032774,-0.08020638780571984,M
L20,3.3912283e-06,0.00013587592,3.529633,0.0004170709928121,3.5222384278187953,2.915564404494116,L
P00.2,-6.4809984e-07,2.60057e-05,-3.5244255,0.0004253500298887,3.4850909551957128,-1.426500851041767,P
D6,2.7707597e-07,1.1126934e-05,3.5215867,0.0004299276674857,3.206384213330007,0.6832040809851552,D
P39.1,-5.715095e-07,2.2969385e-05,-3.5187554,0.0004345387841599,3.329737603506423,-1.3609871555310762,P
J18.9,6.6607655e-08,2.6771854e-06,3.5185254,0.0004349155195042,3.330901225200257,0.13769592279503384,J
K00,-1.4327336e-06,5.767017e-05,-3.513413,0.0004433659353608,3.0930472776397355,-2.580338467989357,K
R30,2.8836687e-06,0.00011681627,3.4910576,0.0004821495285023,2.864104137006601,2.4044827760472143,R
Z41,-5.221263e-06,0.00021207414,-3.4817922,0.0004991330542336,3.0790444605618066,-2.9077369746743154,Z
Q76,-3.2925465e-07,1.3461513e-05,-3.45902,0.0005432739897257,3.413775142161998,-0.9287318825186811,Q
H10.9,6.2550657e-06,0.00025671298,3.4458714,0.0005703901037994,3.513198329542423,3.2337014895257115,H
Z20,7.3801993e-06,0.00030319227,3.4424286,0.0005776954672094,2.8939284871292132,3.1319096490304372,Z
H10.32,2.4459865e-07,1.0077011e-05,3.4327116,0.0005987870712258,3.36862369899534,0.5349620627706201,H
J30.1,-1.2868203e-07,5.3146646e-06,-3.4241836,0.0006178862307768,3.150416141107673,-0.0887424628059223,J
H52.22,3.5346406e-07,1.4689384e-05,3.4029586,0.0006679101507618,3.2558789164074087,0.7856408489043177,H
F80.2,-2.097518e-05,0.00087526004,-3.3890936,0.0007025942038849,3.3932771423194428,-3.688899553806853,F
E73,2.3488315e-06,9.872671e-05,3.3645902,0.000768014682275,2.8507494924658308,2.792649799184207,E
Z46.82,5.5092937e-07,2.3205263e-05,3.357565,0.0007877887909586,3.246776471613736,1.0318751388359773,Z
P00,-1.0481024e-06,4.436094e-05,-3.3413193,0.000835339518034,3.03314976775597,-2.443810931978448,P
J98.4,-4.227451e-07,1.7906901e-05,-3.3386672,0.0008433506394989,2.7144923218106567,-0.9648757542791069,J
Q75.9,9.806133e-07,4.169338e-05,3.3261795,0.000882037422432,3.199432894523911,2.268470720203084,Q
F81.9,-1.0160137e-05,0.00043492383,-3.303706,0.0009558340640993,2.9814519192004267,-3.2451634949887858,F
R11,-1.0618172e-06,4.5658628e-05,-3.2888339,0.0010077711739104,2.8488128977724867,-2.5967095549385637,R
R06.9,-2.2352093e-07,9.717559e-06,-3.2529397,0.0011440712327257,3.1401596605611712,-0.5465282228042836,R
R45.89,1.6139818e-06,7.0253824e-05,3.2489548,0.0011602108941357,2.8900754247985976,2.477333098838495,R
P28,-1.0762071e-06,4.686675e-05,-3.2474766,0.0011662511659871,2.9521688868006493,-2.3016960571906635,P
J02.9,9.603655e-07,4.19132e-05,3.2404153,0.0011955082108263,2.892864281622525,2.15839369818212,J
F80.0,-8.387053e-06,0.0003669114,-3.2326832,0.001228321913711,3.2320834828537683,-3.4580501173604015,F
R62.0,3.2119453e-05,0.0014090553,3.2237036,0.0012674724507961,2.765730512832242,3.9379195614330884,R
H35.10,4.8948476e-07,2.1571615e-05,3.2090132,0.0013340140665445,2.9032914508874335,1.3262329823215022,H
Q5,-4.0192973e-07,1.7727943e-05,-3.2063193,0.0013465606115852,2.58154965151465,-0.9732225197716644,Q
L,-2.82691e-07,1.2472739e-05,-3.2052739,0.0013514590238388,2.946029150108035,-0.6233016721734086,L
Q64,-1.00697484e-07,4.4506883e-06,-3.1996794,0.0013779518986813,2.7333576967998567,-0.1625547679257634,Q
P01,4.6346142e-07,2.0546207e-05,3.1900458,0.0014246970792666,2.787814613887974,1.0860253683129115,P
F98,4.94996e-07,2.1969685e-05,3.1863456,0.0014430373618135,2.8536087915385684,1.3489563080613263,F
W01.0X,1.4451591e-06,6.4200074e-05,3.1834288,0.0014576476403869,2.933230814071026,2.3428746459403165,other
F43,3.090459e-07,1.374412e-05,3.1799555,0.0014752230568995,2.7032885220346747,0.7913192531052369,F
K40.20,-7.8936125e-07,3.5170393e-05,-3.1740487,0.001505561692829,2.7556692008535952,-1.9691961824147004,K
P94,1.7779491e-06,7.957292e-05,3.1598685,0.0015807552494633,3.0774257085170786,2.571564766001571,P
R26,1.9210145e-06,8.6022614e-05,3.1581516,0.0015900902218402,2.9928775917921944,2.589866388113974,R
P96.89,1.2125969e-07,5.443448e-06,3.1503394,0.0016332118487303,2.992277660965969,0.4340467181646406,P
K42.9,9.923759e-07,4.4632914e-05,3.1443868,0.0016667882543779,2.7821215269574937,2.332232355548675,K
P01.1,1.7373169e-06,7.82792e-05,3.1386845,0.0016995470972149,2.679237475304774,2.584252631913532,P
J05,5.979152e-06,0.00026969062,3.1353695,0.001718862436953,3.007766553145522,3.0911362266489557,J
R7,-3.3977233e-07,1.5414655e-05,-3.1172326,0.001828162257065,2.9044119716827943,-0.747213099408561,R
Z8,6.910733e-07,3.1635722e-05,3.089309,0.0020089776745715,2.6682278608260708,1.71582692335298,Z
Z2,3.5274303e-07,1.6199814e-05,3.079381,0.0020771231925313,2.6973813275562533,0.846719552397815,Z
P59,-9.088347e-07,4.181301e-05,-3.073891,0.0021157111700791,2.688074680283154,-2.1680310247003294,P
K63,2.3788657e-07,1.0963547e-05,3.0685546,0.0021538473125253,2.547397607333547,0.6114040842579251,K
R05,2.0833693e-06,9.6420714e-05,3.0557013,0.0022483063935452,2.5119878784642484,2.5467011962883714,R
R47.9,3.7292696e-06,0.0001731342,3.0461822,0.0023206922224972,2.77000323249867,2.87275546753902,R
H50.9,3.288242e-07,1.531037e-05,3.0373378,0.0023898538854421,2.4855014728287856,0.44322205433705564,H
K,4.0816217e-06,0.00019022528,3.0344465,0.0024128694778484,2.7427688040536027,2.7604894211945474,K
B96.89,-7.614319e-06,0.0003549355,-3.0338678,0.0024174999287409,2.439498953511812,-3.1606436297722675,B
I,3.1583406e-07,1.4871393e-05,3.003463,0.002672561183928,2.7522360719985146,0.6066607724910832,I
Q82,-4.85341e-07,2.2946691e-05,-2.9911757,0.002782442040381,2.691388901518296,-1.180651092296265,Q
P22.9,6.784199e-07,3.2222797e-05,2.9774902,0.0029096717964591,2.425945808992477,1.4105562645079874,P
T78.1X,2.5828373e-07,1.2430396e-05,2.9385095,0.0033017124055803,2.626052843611471,0.5344416172759062,other
E80.6,3.4930363e-07,1.682397e-05,2.936227,0.0033260938113661,2.470460153134186,0.742396389142164,E
R59.0,-1.2572193e-06,6.0999486e-05,-2.9147403,0.0035637933915635,2.4295316602509867,-2.2001898812229803,R
M43.6,3.310671e-07,1.6109903e-05,2.9062843,0.0036615023232606,2.4331944192380623,0.6502282643199085,M
Z93.1,3.4736566e-08,1.6927953e-06,2.9020002,0.0037119297268621,2.4781770007957,0.1872983673246955,Z
K12.30,1.166851e-07,5.688691e-06,2.9008017,0.003726149868245,2.256730714662414,0.23092105230303772,K
E55.9,7.135148e-07,3.514641e-05,2.871025,0.0040957251957316,2.3588909304416266,1.5149965455911087,E
R17,-6.0808816e-07,3.0204284e-05,-2.8471673,0.0044155103257887,2.3704873221810256,-1.6283885944921686,R
R06.7,-4.949633e-07,2.4597286e-05,-2.8457763,0.0044348342619098,2.3796935162243518,-1.146517378016855,R
R06,5.00831e-07,2.4920822e-05,2.8421292,0.004485866948179,2.4471454046775514,0.9566006989341633,R
Z99,7.201284e-07,3.5844896e-05,2.8411727,0.0044993392666623,2.24458539376503,1.478607664224242,Z
R09.89,4.902214e-07,2.4465438e-05,2.8337026,0.0046058198874185,2.0700811128196124,1.3958691394035065,R
P00.0,-7.0138434e-08,3.5118078e-06,-2.824492,0.0047402486666991,2.1161624096227074,-0.012234238828188027,P
Q0,8.6204216e-07,4.343059e-05,2.8070345,0.0050048261035742,2.623327041778435,2.0051533085947946,Q
J98.11,3.5993745e-07,1.813448e-05,2.8069644,0.005005914825511,2.1772287911068045,0.9578397374333225,J
Z63.8,2.755062e-06,0.00013880816,2.8069286,0.0050064703783907,2.335922117311156,2.4917302657970386,Z
P37,-1.2643937e-07,6.3720454e-06,-2.806199,0.0050178158335789,2.486844162307695,-0.2514137092514265,P
R56.01,9.839674e-07,4.99778e-05,2.7843163,0.0053691092608674,2.211768030602081,2.2858515210416384,R
H9,-1.2506901e-05,0.0006355777,-2.78289,0.005392758071431,2.235056493137628,-3.483776896977865,H
K00.7,-7.0802594e-07,3.598217e-05,-2.7827668,0.005394806351465,2.1155646898110207,-1.8526544692365245,K
H35.17,2.6144482e-07,1.3340068e-05,2.771641,0.0055826054725574,2.281986069734767,0.6519119514126958,H
K59.09,-1.8049674e-07,9.251369e-06,-2.759169,0.0058001233211504,2.087894699744222,-0.49987144430293573,K
L92,-1.3454506e-07,6.9555917e-06,-2.7355752,0.0062326257748084,1.9592086746645812,-0.37274791028007015,L
T7,3.7538337e-07,1.9466823e-05,2.7270615,0.006395683672669,2.166759571735371,0.6631114526315525,other
P08.1,-1.271067e-06,6.59758e-05,-2.724575,0.0064440245550989,2.2075914992310453,-2.596080119163825,P
R45,-7.4447246e-07,3.8738865e-05,-2.7177954,0.0065775067261195,2.2294894535522243,-1.5263757109639815,R
H66.00,-6.735857e-06,0.00035055765,-2.7173676,0.0065860107906066,2.050839474098588,-3.176788168478372,H
H69.80,2.1071034e-07,1.09894145e-05,2.711604,0.0067015705789053,2.076848381954385,0.4268891487124678,H
H50.10,-1.2055324e-07,6.319394e-06,-2.697854,0.006984656878294,2.4406367224026666,-0.39811727949025333,H
P07.36,-1.3690185e-07,7.1795903e-06,-2.6966505,0.0070099393470275,2.465581878758535,-0.15523603887853388,P
Q18,-3.607533e-08,1.8964093e-06,-2.6902537,0.0071456994777581,2.252763215915814,-0.23501317267004568,Q
G2,-1.1798578e-07,6.211126e-06,-2.6864226,0.0072281345395286,2.1822041207074725,-0.4113558718293716,G
K90.9,-1.4902034e-07,7.902983e-06,-2.6666713,0.0076668196997542,2.50096614401989,-0.3283734905655387,K
I1,7.245585e-08,3.853366e-06,2.6591828,0.0078392845951562,1.9159906483652827,0.3777966282450602,I
R91,6.127262e-08,3.2741827e-06,2.6465406,0.0081383412796185,2.074850417800961,0.28230551158432937,R
R49,2.2984896e-07,1.2323945e-05,2.637593,0.0083561318308735,2.0337896455597777,0.4712633138025967,R
H65.04,9.778119e-07,5.2496343e-05,2.6341546,0.008441203668535,1.9185938559904416,2.180658879250249,H
J34,-4.0228088e-07,2.1631871e-05,-2.629967,0.008545855023256,2.168365591931982,-0.9092916192898213,J
L70,4.3208402e-07,2.326342e-05,2.6266952,0.0086284262723661,1.8316030972731456,0.9632553118728702,L
Z99.81,-2.1346824e-07,1.1582711e-05,-2.6063821,0.0091572163789388,1.9627964893846326,-0.46300173090011915,Z
L81,1.9844393e-07,1.0784526e-05,2.6022663,0.0092678193148429,2.048857004616959,0.7799712432211534,L
G4,1.5731086e-06,8.551365e-05,2.6015863,0.009286206204718,1.8424007786597025,2.4886046221925686,G
K21.9,-1.2404441e-06,6.762753e-05,-2.5939922,0.0094937793714124,1.8762488826840542,-2.5336136277518655,K
R63,9.2420595e-07,5.066694e-05,2.5796402,0.0098974013330452,2.028309859767834,2.2599097602522344,R
H92.10,1.0418593e-05,0.0005714411,2.5784137,0.0099325909839416,2.103611656804051,3.4998530281994342,H
J21.0,4.081425e-07,2.2424372e-05,2.573988,0.0100605075425888,2.0460668497503782,0.6065501955398945,J
P28.0,-6.2526375e-08,3.4412715e-06,-2.5695634,0.0101898541762359,2.020563362509061,-0.18750543902598446,P
H02.40,5.4788865e-07,3.0198618e-05,2.5657847,0.0103014894635424,1.8745514268900334,1.4285897853762104,H
H90.2,-1.4725842e-06,8.143447e-05,-2.5573306,0.0105552022673263,1.8396865572640533,-2.582528245739697,H
Q10.3,3.7583982e-07,2.1073443e-05,2.5222158,0.0116695090182132,1.7988170955753837,0.8400769210541884,Q
Z74.3,3.391675e-06,0.00019139,2.5061667,0.012212681375435,1.7730938831792562,2.8147420046436884,Z
Z13.4,1.1695278e-06,6.621772e-05,2.4977634,0.0125059269052563,2.260887674347852,2.432170313095306,Z
R,-3.1590992e-07,1.8015124e-05,-2.479939,0.0131486562363303,1.956237623882328,-0.6404662657181892,R
R19.7,-5.5271503e-06,0.00031804596,-2.457686,0.0139919618421833,1.868030563634529,-3.14385666236664,R
P52.0,2.2652486e-07,1.3077982e-05,2.4495716,0.0143111412018177,1.7326395221914874,0.7417255165997962,P
P29.11,1.8393038e-07,1.0624938e-05,2.4481728,0.0143668077764873,1.9441177505914107,0.540719765587535,P
Z20.1,-1.6391678e-07,9.471915e-06,-2.4473755,0.0143986213022895,1.7926129482505937,-0.31927541576235796,Z
H00,4.8101297e-06,0.0002782456,2.4448009,0.014501783559959,1.7399390608905732,3.0099174864839853,H
P22.1,-9.916005e-08,5.8000965e-06,-2.4177785,0.015624458797617,1.8924839278715444,-0.10412860474237957,P
K59.00,-1.9650436e-06,0.00011515749,-2.4132094,0.0158216622219855,1.673453953317269,-2.519785138586728,K
P07.39,2.6382048e-07,1.5627345e-05,2.387472,0.016973928528684,1.5215648763677252,0.6796572653911706,P
G47.9,-1.8623754e-07,1.1035109e-05,-2.3867426,0.01700762641252,1.8178754991959567,-0.44280335602480403,G
H65.23,3.0132108e-07,1.789805e-05,2.3808873,0.0172803022849439,1.5261340980973168,0.6443984068286384,H
Q8,4.9098594e-07,2.9268653e-05,2.3723638,0.0176840827872368,2.092890437307745,1.3340353823493216,Q
N43.3,4.7517824e-07,2.8420487e-05,2.3645039,0.0180637353675374,1.6896827654666988,1.0817677320153314,N
Q55,3.0207332e-07,1.8121556e-05,2.3573923,0.0184133712408547,1.764392770112526,0.9566524695473803,Q
T21,-5.547844e-07,3.331918e-05,-2.3547506,0.0185447490206358,1.9072565909067074,-1.3241266337671787,other
B37.2,4.293581e-07,2.5848523e-05,2.349086,0.0188292326412853,1.8545189109565294,0.9058148218873475,B
P78.83,1.595181e-07,9.607179e-06,2.3481674,0.0188757253205689,1.7070537164252015,0.26951231039523305,P
P07.10,-1.4350735e-07,8.67088e-06,-2.3405936,0.0192628872235596,1.4388777805928235,-0.45791630808053324,P
M62.89,2.9894045e-07,1.8109913e-05,2.334443,0.0195823784527942,1.6581806950794105,0.828517308462559,M
D,-5.237855e-07,3.1755048e-05,-2.3326828,0.0196746634027933,1.8622466432451112,-1.286137143404464,D
I51.7,-1.6215556e-07,9.839163e-06,-2.3307123,0.0197784234692082,1.8654362076099837,-0.5095574291330615,I
F80.89,3.2780915e-06,0.0001989535,2.3301532,0.0198079498430716,1.7258276810176953,3.0507912084494526,F
D84.9,-1.2043067e-07,7.309631e-06,-2.330004,0.0198158384428843,1.6112033346863341,-0.3942603675817109,D
P29.12,2.9681573e-07,1.8049697e-05,2.325584,0.0200507063818971,1.583434951305466,0.7983462920792487,P
Q3,-2.0497657e-07,1.2503986e-05,-2.318306,0.0204427318555688,1.4249653338939234,-0.702764828559029,Q
G80,3.4932424e-07,2.131422e-05,2.3177912,0.0204707099288306,1.8398436407025351,0.8640529978542799,G
Z01,1.9058328e-06,0.00011702088,2.3032255,0.0212763667884861,1.6582443551239476,2.5071106253440423,Z
T16.1X,1.5661742e-06,9.6528456e-05,2.2945616,0.021768569230961,1.6904512320846417,2.4128567925688147,other
P3,6.714444e-08,4.172932e-06,2.275536,0.0228843221822712,1.9171261595439684,0.3722298042522558,P
P96,2.0604341e-07,1.2876128e-05,2.2630203,0.0236451142015972,1.6404217350749186,0.4635981828639412,P
Z72,2.5073444e-07,1.5689166e-05,2.2601078,0.0238252723802363,1.6026357276094145,0.6577246466325203,Z
R23,-4.9991627e-08,3.1333693e-06,-2.25632,0.0240613498977144,1.6382984102510119,-0.229522896852154,R
B33.8,7.9357716e-07,5.0212417e-05,2.2350798,0.025423108811702,1.4981237799447957,1.8438269045854134,B
R50.9,1.2269926e-07,7.767877e-06,2.233853,0.0255037505424993,1.527215228108837,0.41380906433003284,R
I49,5.4790195e-08,3.4776358e-06,2.2280953,0.0258852373056832,1.7678420763589522,0.475987488607562,I
Z78,-8.352612e-08,5.3245726e-06,-2.2184649,0.0265343396622672,1.6233018701564461,-0.08625626047859461,Z
Q07,-1.1319627e-07,7.2277953e-06,-2.2148345,0.0267826569738489,1.3363506811349877,-0.2962159312786542,Q
K4,9.07134e-07,5.8078847e-05,2.2088614,0.0271955814271331,1.6422099347060701,2.179170930583898,K
R13.11,3.5915477e-07,2.3033635e-05,2.2051299,0.0274563207206377,1.7939323108997387,0.9364140489987651,R
Q21,1.4657914e-07,9.400985e-06,2.2050264,0.0274635816109134,1.7218086071870633,0.21543511679288874,Q
R25,5.709014e-07,3.665478e-05,2.20265,0.0276307875977217,1.3757214033965932,1.4144212219950878,R
Z13.40,1.0001561e-05,0.00064504874,2.192756,0.0283364454841217,1.3296459488597894,3.298218486208721,Z
Y93,-2.6758272e-08,1.7276653e-06,-2.1903496,0.0285103982060885,1.3955538239317449,0.18090875858153962,other
R11.10,-9.2988444e-07,6.0177408e-05,-2.1852973,0.0288786200734809,1.4084050011389204,-2.16430434686837,R
T18.9X,2.2386908e-07,1.4493797e-05,2.1843739,0.0289463593263403,1.4930053890243433,0.6749480093434624,other
E55,3.1584617e-07,2.0683205e-05,2.1595972,0.030815716266459,1.7382768782134779,0.6718955205189947,E
P07.14,2.1667567e-07,1.4403576e-05,2.1274278,0.0333967528211061,1.6222041087445813,0.6279273435191226,P
Q25.0,1.6675234e-07,1.115042e-05,2.1149287,0.0344483572344396,1.667974833883807,0.4923792312346234,Q
J96,8.466972e-08,5.6697854e-06,2.1119153,0.0347060772893494,1.6819359301235894,0.365107117101479,J
sex,-9.7520635e-05,0.006541492,-2.1083112,0.0350164870745954,1.6748103171178734,-4.283357675174935,other
Q9,8.265252e-07,5.559351e-05,2.1025531,0.035517317240115,1.1979148106627515,1.842409911312209,Q
H90.0,-7.255726e-08,4.8835227e-06,-2.1011772,0.035637893758442,1.2644600217099347,-0.31947347435183937,H
G93,-4.0576435e-07,2.7328142e-05,-2.0998042,0.0357585675020373,1.4606930674857448,-0.7207708167414834,G
Q82.6,5.386629e-07,3.635404e-05,2.09546,0.0361426676566947,1.4156946949515212,0.9056869787134745,Q
P70.4,-1.6813313e-07,1.1351837e-05,-2.094605,0.0362186736398237,1.5034457060184745,-0.3007091566327168,P
J21,3.099275e-06,0.00020951257,2.0920162,0.0364496425056657,1.4789824414908126,2.7362238754811026,J
P07.37,5.192784e-06,0.00035279986,2.0815501,0.0373962686484221,1.4486738686333167,3.1074972213605454,P
N5,-3.1113817e-07,2.127802e-05,-2.067936,0.0386588749131442,1.6102291096953991,-0.6044068483885776,N
W57,5.927668e-08,4.0540554e-06,2.0678031,0.0386713672248708,1.3652541996064662,0.12950042538952672,other
P91,5.4379024e-07,3.724772e-05,2.0646515,0.0389688493022011,1.2732072501546905,1.550617451212131,P
N47.5,5.221186e-07,3.6002526e-05,2.050932,0.040286577071076,1.4980297306951993,1.2637052074532011,N
R27.9,1.0982451e-06,7.5873e-05,2.047043,0.0406668944848482,1.6066304553510808,2.3049276418284514,R
D57.3,1.534202e-06,0.00010607802,2.0453713,0.0408313236488493,1.3766941156826729,2.542398895640493,D
P04,-5.256152e-07,3.6563648e-05,-2.0329814,0.0420675826867862,1.4896754987510157,-1.1702543489109574,P
K9,1.3440568e-07,9.3524e-06,2.0324016,0.0421262059022888,1.080289531567323,0.45296956648582387,K
Q25,1.7371066e-07,1.2139082e-05,2.023744,0.0430097585801816,1.4990161573927605,0.3181763830650378,Q
K21.0,1.282383e-07,8.967546e-06,2.022363,0.0431521541394572,1.579044148006734,0.5051111118678613,K
J35.2,-2.1197461e-07,1.4899821e-05,-2.0119529,0.04423828948683,1.2203029952407138,-0.8387316229092645,J
P07.02,6.4341475e-07,4.5449346e-05,2.002066,0.0452911239204407,1.1022973864614998,1.5444766740403497,P
E46,-2.9221805e-08,2.070281e-06,-1.9961481,0.0459313387347006,1.2306486966609333,0.15881213176825293,E
N47,-9.742351e-07,6.9367525e-05,-1.9861982,0.0470249499385253,1.2853499397654349,-2.3227896714044167,N
R62,1.4478483e-05,0.0010333577,1.9814694,0.0475523299328335,1.3034898579552074,3.5458145305962647,R
R5,1.7790417e-07,1.2773165e-05,1.9697114,0.0488852315871226,1.216672411433631,0.3257404109193225,R
H50.00,-1.9823537e-07,1.4494964e-05,-1.9341004,0.0531148760971436,1.1145191001242591,-0.3541969056709948,H
R14.1,2.5842292e-07,1.8926377e-05,1.9309833,0.0534992334100956,1.035318182344946,0.5642298088189099,R
Z86,-3.3106892e-07,2.4262969e-05,-1.9296986,0.0536583223733104,1.571404401047162,-0.9197901465868179,Z
Q38.0,1.1011442e-06,8.090444e-05,1.9248054,0.0542678758895065,1.2704376899214584,2.2378958681301575,Q
P83,-1.7651703e-07,1.2989939e-05,-1.9217395,0.0546527429709553,1.221743594782544,-0.49818043013030555,P
P03.0,-1.7267178e-07,1.2715036e-05,-1.9205197,0.0548064895435542,1.478127248396185,-0.4803652011011787,P
H35,6.2355205e-08,4.600045e-06,1.9170156,0.0552501881718452,1.1376095691134829,0.38095642800010066,H
Z96,-1.5065068e-07,1.113138e-05,-1.9139787,0.0556371350290774,1.192697380450644,-0.3785113827823282,Z
R93.0,6.217124e-08,4.596547e-06,1.9128144,0.0557860862970778,1.0708056751684196,0.4156648561878865,R
E,-1.9643483e-06,0.00014595635,-1.9033141,0.0570139131939382,1.2979685387469608,-2.595414208608068,E
Z79,6.686797e-08,4.9753294e-06,1.90069,0.0573569981277122,0.984509327177187,0.1476500477858101,Z
R2,-6.069705e-07,4.523264e-05,-1.8977135,0.0577482148168122,1.432496341426424,-1.6318167041730502,R
G93.0,-1.5941482e-07,1.1880675e-05,-1.8975909,0.0577643854106766,0.9131692642364011,-0.3651910273413736,G
Z38.31,-3.8724443e-07,2.896251e-05,-1.8908801,0.0586547907685093,1.170927225538094,-0.86002898795181,Z
R63.3,2.3545253e-06,0.00017639341,1.8877132,0.0590789289099491,1.028186107830795,2.7135803230461617,R
P59.0,-2.0241517e-07,1.5202657e-05,-1.882949,0.059721781670097,1.1445014374657352,-0.3879522297869402,P
J45.20,-6.648514e-08,5.010362e-06,-1.8765948,0.0605882020859789,0.9086915879511248,-0.2722163424172088,J
B97.4,1.5691712e-07,1.1845625e-05,1.8733865,0.0610296053957657,1.3423459303989804,-0.009765531571109654,B
R26.89,4.7543458e-07,3.598212e-05,1.8686113,0.061691515548929,1.31158667303945,1.1557558216899555,R
N48.1,1.7361901e-07,1.3252062e-05,1.8528012,0.0639255791116848,1.1160592075618,0.5294126985414399,N
E87,-1.5884598e-07,1.2188277e-05,-1.8431001,0.065329189670364,1.4256697828840617,-0.3064376356257338,E
J98.8,6.940219e-08,5.357818e-06,1.8318936,0.0669821437537472,1.0363424319342793,0.13916345659262847,J
I49.9,-6.834888e-08,5.290223e-06,-1.8271426,0.067693227329578,1.2988635664898784,0.11185739484088003,I
R11.2,-1.3855357e-07,1.0777282e-05,-1.8181238,0.0690601636027363,1.122728176848322,-0.3251042105732096,R
780,8.637535e-08,6.7592514e-06,1.8072,0.0707461290546813,0.9659827125114216,0.13499441070357454,other
J98,1.1946851e-07,9.459273e-06,1.7861202,0.0740949471070069,0.9308841401520285,-0.06935345767134271,J
J0,-3.3033498e-07,2.6246305e-05,-1.7799238,0.0751036124165405,1.162391425959676,-0.7332130289062261,J
N76,-5.388292e-07,4.321751e-05,-1.7632196,0.0778787291541402,1.1345466200976566,-0.9151043724536996,N
Z93,1.2713643e-07,1.02174445e-05,1.7597166,0.0784711516503995,1.1133819921805619,0.2104953396470729,Z
N43,5.121471e-07,4.1343585e-05,1.7518688,0.0798116890695013,1.2840060037112841,1.0166734784684155,N
N47.8,9.063073e-07,7.3487805e-05,1.7441155,0.0811543201492275,0.8587232499539216,1.9616866168123988,N
G93.89,1.8263631e-07,1.4963053e-05,1.7261634,0.0843334673826137,1.1648723549864841,0.5839108492302855,G
M79.67,4.844929e-07,3.9705952e-05,1.7256263,0.0844301027344172,0.8952201925297554,1.332384368265549,M
E74,-2.2480553e-07,1.8513374e-05,-1.7172614,0.0859468973315742,1.0912450366682749,-0.44050313039551636,E
Z74,7.610841e-07,6.288392e-05,1.7116227,0.0869817243210238,0.9239593965539159,1.8049378153637747,Z
E0,-3.734632e-08,3.1064017e-06,-1.7002205,0.0891050127004045,1.0304949366485425,0.12757342020565593,E
R63.6,3.3280837e-06,0.0002795223,1.6838088,0.0922342313879562,1.1207427890906434,2.8558675615912312,R
N47.1,-2.1137018e-07,1.7786375e-05,-1.6806267,0.0928510530791677,1.0366621084360799,-0.5628478121514061,N
M67,-9.605205e-08,8.132282e-06,-1.6703565,0.0948644967023468,0.9724160227496879,-0.1301859799192987,M
G93.40,-8.0078263e-07,6.882438e-05,-1.64546,0.0998906978216991,1.017490859535136,-1.7986974872132653,G
P27,5.5456246e-07,4.7835452e-05,1.6395156,0.1011216448402212,0.9911536529824582,1.050699726838524,P
D18.01,-7.962265e-08,6.9181892e-06,-1.6276432,0.103616310334246,0.7699429613293077,-0.27102778877493466,D
I5,-3.9887283e-07,3.4686615e-05,-1.6262509,0.1039120554537529,1.0611408093038428,-0.8954536656964448,I
P07.18,2.4196208e-07,2.10642e-05,1.6244912,0.1042867725367699,1.1207505695173947,0.6056514491347625,P
Q20,-7.3739294e-08,6.444966e-06,-1.6180553,0.1056664410852159,0.9449225976719557,-0.2499669571000988,Q
N48.89,2.345114e-07,2.0613528e-05,1.608891,0.1076559596449129,1.0146871660828747,0.34731865791488503,N
Q38,-1.7033196e-07,1.4986498e-05,-1.6073519,0.1079929816699831,0.6941095891816308,-0.251052859270051,Q
D81.81,-9.833099e-08,8.733873e-06,-1.5922034,0.1113548187238235,1.0268871323017956,-0.1827478641052589,D
Z13,3.9471286e-07,3.5398894e-05,1.5769088,0.1148323218966427,1.0147504158768224,1.0086722841570133,Z
I51,-1.01875585e-07,9.189458e-06,-1.5678164,0.1169398129209777,0.8365146631729551,-0.13860409303833435,I
K03,-2.712911e-07,2.4676277e-05,-1.554787,0.1200126204237135,1.1926867572354223,-0.6233570669818039,K
P28.5,-4.2906524e-07,3.921524e-05,-1.5473318,0.1217990780887454,0.894944635460348,-0.748309822496175,P
S09.90,1.17504314e-07,1.0782506e-05,1.5411648,0.1232925143916561,1.0798942471351838,0.2881978550216464,S
R47,7.826903e-06,0.0007262841,1.5240471,0.1275127488171905,0.8945788075917325,3.1729261652739456,R
Q10,-9.375299e-08,8.797645e-06,-1.507071,0.1318082495036043,1.0278721262486137,-0.03275758342971091,Q
R56.00,1.3422236e-07,1.2618716e-05,1.5042663,0.1325286137533181,0.8311047527955142,0.5635921620200631,R
F69,-1.2437636e-06,0.00011694562,-1.5040728,0.1325784178661027,1.0477863806411973,-2.6816300930669685,F
R23.1,9.380318e-07,8.822898e-05,1.5035619,0.1327100096870057,1.0556585629920585,2.060026346495114,R
A49,7.948036e-08,7.4851255e-06,1.5016742,0.1331970644296978,0.8019704555838745,0.1606932538786743,other
P29.89,-8.609345e-08,8.137385e-06,-1.4962366,0.1346077998005026,0.803579535856901,-0.26342974836773364,P
G89.18,9.102413e-08,8.682792e-06,1.4825594,0.1382072563249279,0.5999867390206659,0.14352171743610315,G
P22.8,3.4880563e-06,0.00033337824,1.4796578,0.1389803524387742,0.5716081947249565,2.7478593805313962,P
P,1.3296743e-06,0.00012802928,1.4687605,0.1419134923313825,0.8220255404844912,2.464378180160415,P
Z45.2,-2.9823514e-08,2.8791262e-06,-1.4649173,0.1429592012675666,1.0949831930775225,-0.19577568727255285,Z
R09.02,-8.150423e-08,7.8775065e-06,-1.463209,0.1434259054318192,1.0525735319096616,-0.3928156209878118,R
R00,1.6981073e-07,1.649639e-05,1.4557649,0.1454733218457677,0.7909525388100287,0.3538342477087806,R
S00.93,1.0277834e-07,9.989405e-06,1.4550468,0.1456720083858151,0.8146376779543049,0.17202224354305487,S
Z28.3,1.1018437e-07,1.0797162e-05,1.4431962,0.1489808785742892,0.9129602843917515,0.2146707963907574,Z
T14.8X,5.642879e-08,5.547327e-06,1.4385731,0.1502871549578526,0.917384054384755,-0.05276116353364915,other
G47.00,-1.4756576e-07,1.45187005e-05,-1.4373841,0.1506245211920012,0.7386767773545165,-0.44099302613698477,G
E63.9,2.6566872e-07,2.6170666e-05,1.4356238,0.1511250683285327,0.9161654357866957,0.5056102914067178,E
Q20.9,-4.9802715e-08,4.918725e-06,-1.4319091,0.1521854700528111,0.8357991960893144,-0.03696119478948014,Q
Z51.89,5.8003263e-07,5.7335757e-05,1.4306779,0.1525381765542737,0.8681218644210217,1.4750387296069714,Z
R48,3.192669e-07,3.157354e-05,1.4300314,0.1527236237107938,0.7318456549370259,0.8308978032682642,R
Z87.74,1.0116387e-07,1.0020423e-05,1.4277571,0.1533773864651426,0.6181983406102212,0.31370458744179,Z
R14,2.7141658e-07,2.6989344e-05,1.4221947,0.1549853269373122,0.8429630197280599,0.8849419079093686,R
L73,6.196784e-08,6.1682244e-06,1.4207615,0.1554017071999545,0.9053160028143296,0.3340635179206427,L
R40,-2.1554064e-07,2.1523188e-05,-1.4162422,0.1567201665456199,0.5450355109302614,-0.45033457491825657,R
R9,4.687266e-08,4.750301e-06,1.3954474,0.1628964678153244,0.7034901056357693,0.03946562432052357,R
N7,-1.2158783e-07,1.2334051e-05,-1.3941175,0.1632976212711856,1.0071680997748549,-0.58957766331043,N
Z79.89,7.575282e-08,7.688022e-06,1.393475,0.1634916684421179,0.8296729642344967,0.016208689724804826,Z
Z71.9,8.116065e-08,8.261711e-06,1.3892823,0.1647623777075213,0.599801264799595,0.21333653856670612,Z
H10,3.9397364e-06,0.00040226628,1.3850598,0.1660496216629103,0.7439422630955183,3.0291752841854525,H
R47.02,-2.228537e-06,0.00022834913,-1.3801792,0.1675469140989303,0.6436841023408749,-2.4593753438840427,R
R56,2.370226e-06,0.0002430109,1.3793644,0.1677978621545337,0.7884474432823799,2.7211176816880345,R
R20,-1.8907075e-08,1.9576946e-06,-1.3658229,0.1720099127660281,0.8471041655328309,-0.12329951654988906,R
M4,-1.3875622e-07,1.4414675e-05,-1.3613274,0.1734255817866872,0.8073953447474354,-0.5098255778380875,M
I62,2.2062387e-07,2.2928918e-05,1.3607675,0.17360251500356,0.7746813470427837,0.4337199590210046,I
H0,-8.94443e-08,9.368723e-06,-1.3501663,0.1769779181649384,0.604042612210576,-0.3129838881525757,H
D57,3.882506e-07,4.0796862e-05,1.3458616,0.1783624260639407,0.7553190740005437,0.9890173795448357,D
H53,2.2938815e-07,2.437409e-05,1.3309371,0.1832248658901798,0.9546238782262463,0.3691931957340525,H
H69.83,-1.1412301e-07,1.217791e-05,-1.3253038,0.1850855514387195,0.8616387295123484,-0.2433653797024978,H
D81.9,1.4158825e-07,1.5179721e-05,1.319102,0.1871501010916498,0.6447457855024591,0.5155309077395664,D
R29.81,8.7872223e-07,9.424151e-05,1.3186343,0.1873065103621651,0.9151001932226023,1.776578261804426,R
D5,4.7380272e-08,5.1474044e-06,1.30174,0.1930202573193256,0.3986080809670352,0.17715252533964637,D
I36,1.0022674e-06,0.00010916689,1.2983974,0.1941657765718376,0.611632356092944,2.3837734891618267,I
P2,7.257646e-07,7.908578e-05,1.2978138,0.1943663037281857,0.6606273249640539,1.7053541692579335,P
L27.2,6.5036716e-08,7.152989e-06,1.2858374,0.1985146981273913,0.79153909302769,0.21037118044944994,L
J00,1.8345064e-07,2.026454e-05,1.2802578,0.2004693254574316,0.4337090611815208,0.30313100612109006,J
G40.20,-3.733856e-07,4.1296767e-05,-1.2786642,0.2010301583588105,0.5943561645441703,-0.8401948939402702,G
I6,4.4522957e-07,4.9550454e-05,1.2707244,0.2038414875682677,0.8453115031169797,1.2216800777239363,I
W19.XX,7.772327e-08,8.668862e-06,1.2679553,0.2048286739460016,0.6689515102419358,0.3255641963896555,other
F80.4,1.492733e-06,0.00016823871,1.2547904,0.2095695125863672,0.8689516163550965,2.3403782111223475,F
L22,-4.213941e-08,4.7967023e-06,-1.2423978,0.2141044000446279,0.6908655867251439,-0.11366521972153344,L
P12,-1.0407767e-07,1.189939e-05,-1.2369378,0.2161247141238718,0.8705765684925696,-0.2939516363004748,P
P5,-2.0630891e-07,2.3644736e-05,-1.2339526,0.217235052451143,0.7721861479353015,-0.6214243533767935,P
L8,-9.5752625e-08,1.10099445e-05,-1.2299305,0.2187375921337979,0.5285542781417789,-0.050495821068361785,L
K62,-5.0539114e-08,5.8151463e-06,-1.2290852,0.2190543219828928,0.284257550880183,0.0419304630538255,K
Z03.6,6.234354e-08,7.226393e-06,1.2200704,0.2224525894532076,0.7703923718691024,0.1546795542080937,Z
F91,1.2600328e-06,0.00014640421,1.2171477,0.2235623840261626,0.5610736631781014,2.5575819702910594,F
784.5,-1.5339429e-06,0.00017837687,-1.2161459,0.2239437121834897,0.6243406954640301,-2.153756867972162,other
L0,-1.2464787e-07,1.4641044e-05,-1.2040037,0.2286024015656664,0.6484491486996026,-0.32097152442889176,L
J02,-1.4465467e-06,0.00017079346,-1.1977777,0.2310177475732151,0.7191967358155408,-2.5061160275250596,J
P54,-9.953344e-08,1.1806036e-05,-1.1922845,0.2331638705022736,0.553366798746509,-0.36135540823173623,P
Z01.89,3.8361456e-08,4.5589754e-06,1.1899887,0.2340649468362368,0.45524655982231327,-0.03880898582704995,Z
A37,-1.2284577e-06,0.00014715981,-1.1805544,0.2377938321187198,0.592208372552876,-2.410278476490337,other
P0,-3.7179225e-06,0.00044543427,-1.1804068,0.2378524943569058,0.20799950960013763,-2.7819619561534443,P
P28.9,-1.7795976e-08,2.1326025e-06,-1.1801219,0.2379657726606823,0.4239779551046384,-0.23933983819271631,P
R53,1.0246638e-07,1.228527e-05,1.1795374,0.2381982783068972,0.8205882675693907,0.47083131021763275,R
L60,4.904427e-07,5.8983074e-05,1.1759148,0.239642936089554,0.38745115787114237,1.1531519898851672,L
M21,-1.5542076e-07,1.8877397e-05,-1.1643456,0.2442978642874178,0.5771028806695524,-0.1434567375930841,M
P27.8,2.1503917e-07,2.6239653e-05,1.1589761,0.246479774247317,0.7203648112745547,0.3881360319688215,P
P78.89,3.7864538e-08,4.6557484e-06,1.1501598,0.2500917981560424,0.3547609475293865,-0.011225305306003214,P
F88,4.9701666e-06,0.00061445334,1.1439236,0.2526689976469678,0.8726537985860089,3.0206830499188397,F
R09.82,-6.397624e-08,7.921467e-06,-1.1421629,0.2533999802580338,0.5546649010996396,-0.3057153436861569,R
J34.89,-4.4431253e-08,5.5060946e-06,-1.141195,0.2538024246899955,0.7691121254310764,-0.16945318307612045,J
D64.9,6.4776174e-08,8.158001e-06,1.1229141,0.2614874688624247,0.32450216751998967,0.22233856215133496,D
M99.00,5.4929103e-08,7.0127903e-06,1.1077116,0.2679997301766608,0.49775802817366743,-0.026713311714161025,M
P7,3.082098e-07,3.9371196e-05,1.1070898,0.2682684388228149,0.6425291315172451,0.7334645386514016,P
H52.03,-3.396817e-08,4.342263e-06,-1.1062952,0.2686120637671327,0.7682561671838839,-0.05887118620964158,H
Z13.88,-2.5136342e-07,3.2264677e-05,-1.101767,0.2705762640637965,0.58864935568243,-0.6038748161057007,Z
R06.81,4.902698e-07,6.297602e-05,1.1009686,0.2709235745260878,0.40516046817008367,1.238815427231642,R
R53.1,-6.4285295e-08,8.3171435e-06,-1.0930812,0.2743713001354781,0.4783422427068941,-0.46423272293212825,R
R25.9,-3.2978903e-07,4.3122327e-05,-1.0815561,0.2794628694629519,0.3759985825641796,-1.0847489721287535,R
Z11.59,7.310692e-07,9.567225e-05,1.080656,0.2798631705940964,0.5288574710847331,1.5713028059103817,Z
F41,-8.098227e-08,1.0623027e-05,-1.078094,0.2810048096335809,0.4508276328997751,-0.048249409320622216,F
P78,-1.714675e-07,2.2495686e-05,-1.0779475,0.2810701886344564,0.1491618709259101,-0.34409044089811813,P
H57.02,-1.2069805e-07,1.5900674e-05,-1.0734942,0.283062393764026,0.56307494544754,-0.2774145950057124,H
Q75.3,2.2406378e-07,2.9591236e-05,1.0708375,0.2842554261053731,0.8524216528858163,0.5753446340390711,Q
I50.9,-7.445114e-08,9.8393975e-06,-1.070084,0.284594425705867,0.7327108480433697,-0.027429739839642808,I
N50,-7.465287e-08,9.866976e-06,-1.0699843,0.284639281438136,0.7733792487994728,-0.14119378604449237,N
R8,1.2205867e-07,1.6163114e-05,1.0679688,0.2855474562471578,0.42195286932138565,0.5807959111834303,R
784,-6.7469097e-07,8.938637e-05,-1.0674525,0.2857804146647225,0.6270638310375707,-1.6904427500111674,other
H72,3.7741813e-07,5.0377217e-05,1.0595064,0.2893820045134045,0.9116531195260484,0.33871067880744143,H
K90,4.9267646e-07,6.612522e-05,1.0536823,0.2920411125661588,0.349639985732753,1.1414268616791894,K
B96.20,1.7430182e-07,2.3411409e-05,1.0529054,0.2923970534382196,0.8149888878649033,0.2486362428559124,B
Z13.5,-6.825484e-08,9.167752e-06,-1.0528963,0.2924012607104858,0.7273746217216374,-0.35065213237045445,Z
Z51,4.1751554e-07,5.67336e-05,1.0407522,0.2980031639744123,0.6262223672200223,0.8344787089269056,Z
H68,-3.082284e-08,4.2047286e-06,-1.0366918,0.2998920562201557,0.32995419057724706,-0.24942320540198787,H
D18,-5.2533416e-08,7.1811123e-06,-1.0345677,0.3008833481809776,0.6751281954262781,-0.004418869045362733,D
K31,1.5599076e-07,2.142331e-05,1.0297394,0.3031448174965825,0.4800368750868944,0.3118426785489146,K
R04,3.6224603e-07,4.996423e-05,1.0253199,0.3052246544020838,0.5451887012080876,1.1244186784914605,R
H35.11,-1.4615239e-07,2.0181049e-05,-1.0241821,0.3057616685862712,0.5375677870230587,-0.18927082401384399,H
L60.0,5.985721e-07,8.33437e-05,1.0156841,0.3097921159532646,0.5550810707090328,1.2104727205082846,L
Z68.54,3.462412e-08,4.825833e-06,1.014662,0.3102792359647381,0.7420959924771442,-0.028998604011304163,Z
Q04,1.6379789e-07,2.2933607e-05,1.0100688,0.3124745614949051,0.777882081942033,0.4000448082631057,Q
H66.91,4.1880384e-08,5.894909e-06,1.0047281,0.31503995976519,0.46912563577459815,0.021767305393844097,H
M2,3.3973773e-08,4.782303e-06,1.004666,0.3150698744963025,0.6249347887279431,-0.18272637386737273,M
Q1,1.0215327e-07,1.4414076e-05,1.0022602,0.3162300618866207,0.3200304267203915,0.17592694677016046,Q
Z63,2.8429113e-07,4.0317067e-05,0.9972163,0.3186716035943611,0.20531369159956603,0.6484081218742073,Z
J1,-2.2690235e-06,0.00032404065,-0.990272,0.3220531763680183,0.4654361206643018,-2.586680442519221,J
R26.2,3.323576e-08,4.766989e-06,0.985999,0.3241455378181048,0.44590615185233184,0.15564392895847545,R
K40.90,-5.0216162e-08,7.227174e-06,-0.98262995,0.3258014831012756,0.1767101711781242,-0.06837125607147365,K
I3,-2.8601836e-08,4.118661e-06,-0.9820936,0.3260656320932074,0.466250060598323,-0.010527918903378099,I
H50.30,6.778969e-07,9.7709904e-05,0.9811605,0.326525457933942,0.3094808381117379,1.3923618497161363,H
H90.11,-2.3689195e-07,3.4191882e-05,-0.979811,0.3271912673168802,0.9201453357086924,-0.44521370675821414,H
R62.50,1.18896305e-05,0.0017294888,0.9722223,0.3309517132679405,0.36790395993955904,3.123433058916782,R
P05,4.3006068e-08,6.2606628e-06,0.9714589,0.3313315532511924,0.4822932172558903,0.2620743619183898,P
Z83.51,5.8411167e-08,8.52768e-06,0.96867925,0.332716963379005,0.37981967480788276,-0.048751295114769555,Z
J95,9.70714e-08,1.4252535e-05,0.9631949,0.335461366549485,0.46676037374618873,0.30815482295292396,J
R62.52,1.1822837e-06,0.00017396506,0.96111345,0.3365067460323176,0.6513981336517697,2.5757061691715073,R
V4,3.6919324e-08,5.468803e-06,0.954721,0.339730359841657,0.7463716585344751,0.06002996233602498,other
Q17,-4.295151e-08,6.4348283e-06,-0.94396627,0.3451982887706455,0.4034398877242108,-0.1474187074131226,Q
K12.1,1.7213232e-07,2.5852216e-05,0.94162863,0.3463941777268544,0.36613313051707075,0.3721480809222256,K
R06.02,-4.519282e-08,6.8184713e-06,-0.93734056,0.3485947259875186,0.6110753200799615,-0.01462643907774444,R
R79,1.5214212e-07,2.3502958e-05,0.91546535,0.3599584201430117,0.2016057817400606,0.3257616626186473,R
R63.8,-9.665149e-08,1.5066604e-05,-0.9072107,0.3643063131700015,0.6820336593800727,-0.21354903439325224,R
R04.0,2.3629875e-07,3.7115653e-05,0.9003665,0.367936091815678,0.4580391983130033,0.42997696896034676,R
W01,1.5070869e-07,2.3761582e-05,0.89697003,0.3697457046136712,0.34264642906632037,0.34870322011401184,other
R13,3.5608053e-07,5.6764737e-05,0.8871246,0.3750224900595253,0.6849035282542021,0.9174913443858602,R
G40.30,-2.2709106e-07,3.629696e-05,-0.88479936,0.3762754913973078,0.47635101564775983,-0.708713052644448,G
J35.1,1.468739e-07,2.3558961e-05,0.88166475,0.3779687230772106,0.5137016284125498,0.4628268709634243,J
H50.01,2.562382e-07,4.1201103e-05,0.8795287,0.3791252460190308,0.1719207041123993,0.6343796468901522,H
P03.4,-5.750627e-08,9.271455e-06,-0.877167,0.3804064814088206,0.4384154736918856,-0.03900020240735766,P
P61.0,-8.008585e-08,1.294491e-05,-0.8749268,0.3816242398727199,0.37533712107198736,-0.3555118232818076,P
P94.2,4.1314827e-08,6.6928683e-06,0.8729888,0.3826796528814697,0.5209368494874379,-0.01972720960907348,P
F93,2.1358262e-07,3.479913e-05,0.8679856,0.3854126274884086,0.6500520355323884,0.7557394890135894,F
P08,5.28407e-08,8.6459295e-06,0.8643146,0.3874254496269538,0.6248168801196248,0.16446670016148254,P
L2,-1.5730772e-07,2.585916e-05,-0.8603014,0.3896332478412905,0.5460633706039262,-0.6575266420035303,L
Q67.4,-3.2454327e-08,5.419561e-06,-0.8468831,0.3970704069050907,0.49161163635585525,-0.14926977610663855,Q
M21.16,-1.01639934e-07,1.7162636e-05,-0.8375203,0.4023101788094259,0.1891841618638743,-0.31853279052478944,M
R49.0,-1.6474683e-08,2.8091156e-06,-0.829397,0.4068896848693648,0.35158827706626194,-0.0035995193625220356,R
P61.2,-2.1581416e-08,3.6956362e-06,-0.82585865,0.4088941294601667,0.6334208403945185,-0.12613424615037672,P
R62.51,3.0920066e-06,0.0005339858,0.8188903,0.4128587773838421,0.5113661170462158,2.8203674424676852,R
R27.0,7.298395e-07,0.00012667602,0.81479424,0.4151997995635785,0.47435191485741346,1.7238292172837548,R
Z71.89,-9.3323514e-08,1.6199943e-05,-0.81469035,0.4152592785941968,0.4131064115097238,-0.33457883809516564,Z
J3,-4.703272e-08,8.185691e-06,-0.81256807,0.4164754176752292,0.4670039430692814,0.018687204724919054,J
Q68.0,-1.1172532e-07,1.9465248e-05,-0.8117208,0.4169615238404394,0.44545483652900514,-0.2886977662691807,Q
R1,3.2068879e-06,0.0005589113,0.81143904,0.4171232457705194,0.2748358827685143,2.9286846296375093,R
H57.13,1.0044634e-07,1.7659553e-05,0.8043951,0.421178403710587,0.0678725144686414,0.025047442760708388,H
Z13.29,-1.2162994e-07,2.1415608e-05,-0.8032025,0.4218672406889441,0.29669053830727166,-0.36733534665721335,Z
R4,3.5114945e-06,0.0006200468,0.8009078,0.4231945441589833,0.7035828138490267,2.9588270061070743,R
Z82,2.3788578e-08,4.2048378e-06,0.80008155,0.4236730527558232,0.03339077782298194,0.053925676994543176,Z
J93,1.0810594e-06,0.00019117502,0.79971164,0.4238873830062291,0.35398488465331146,2.464240801042362,J
Q04.8,2.622044e-08,4.663264e-06,0.79517907,0.4265187823846905,0.2773039406431251,-0.17668879043137786,Q
Q68,-5.0506472e-08,9.109898e-06,-0.7840586,0.4330150293902335,0.3657759539786476,0.09153843170235794,Q
Z3,-9.9618234e-08,1.8053423e-05,-0.78035873,0.435188987364532,0.2547028390173308,-0.188938715971428,Z
E71,1.1990407e-07,2.1871663e-05,0.77529526,0.4381743779927705,0.2382166483294037,0.46336652506472287,E
R41.82,8.743656e-08,1.5972113e-05,0.7741867,0.4388295613703303,0.365601146174594,-0.13370819099053366,R
K59,-6.921704e-07,0.0001266242,-0.77305657,0.4394980406734885,0.3689384921585704,-1.8339820660454758,K
P29,7.621905e-08,1.414787e-05,0.7618816,0.4461396632211241,0.3450713581983117,0.24678670750232867,P
E6,-1.3001272e-07,2.4155974e-05,-0.76116055,0.4465701513135833,0.218979710793182,-0.0823909444759722,E
K52,4.144229e-08,7.700189e-06,0.7611275,0.4465899074094044,0.44483953461819004,-0.1169672372332191,K
J30,-6.410465e-08,1.1938917e-05,-0.75934577,0.447654694716658,0.48255719458423074,-0.1927062075767337,J
G89,-1.4312829e-07,2.6896754e-05,-0.75255907,0.4517237811222134,0.23704917690899321,0.01514982986825536,G
G9,-5.3851323e-07,0.00010325556,-0.737561,0.4607899230938437,0.4621212042739407,-1.2200321581393534,G
K63.89,-4.1646807e-08,8.018318e-06,-0.7345366,0.4626303814997281,0.3994362273946362,-0.06879272971463087,K
G,-1.6382083e-06,0.00031550106,-0.7343165,0.4627644561763733,0.2755834407714933,-2.470681841473953,G
P80,-4.817499e-07,9.482558e-05,-0.71847415,0.4724733748340246,0.18027190875503132,-1.2470269303295098,P
Z91.01,8.1161986e-08,1.6034097e-05,0.71585184,0.4740911943900681,0.26073942935106875,0.04042871566062986,Z
R06.2,-1.1355458e-07,2.2609855e-05,-0.7102674,0.4775465983302698,0.3520481188453195,-0.5779121556476395,R
L20.84,-1.4349428e-08,2.8796544e-06,-0.70470804,0.4810001533281598,0.3919236973886683,-0.001900392152410904,L
D8,4.927531e-08,9.912112e-06,0.703037,0.4820408604986124,0.19602412427710642,0.1832777771684001,D
P52,-1.566548e-08,3.1571246e-06,-0.70172507,0.4828588038526258,0.18366414640243436,0.10110939893729937,P
H04.55,1.189821e-06,0.00024002901,0.701024,0.483296196477154,0.38975407294255227,2.1352435061052146,H
R13.12,1.7280195e-08,3.493072e-06,0.6996102,0.4841789243051619,0.11010911331430462,0.0367310849827881,R
H90.5,8.1048825e-07,0.00016528976,0.6934509,0.4880346649107747,0.32508445470450387,2.033794711955083,H
R63.0,6.59429e-08,1.3474624e-05,0.69209605,0.4888850442807655,0.284494854767971,0.15086499364139455,R
N48,-6.3943475e-08,1.3126921e-05,-0.6888876,0.4909019972539374,0.2871944240259668,-0.23148646228092412,N
W06,4.995448e-08,1.0265453e-05,0.6881947,0.4913381681345323,0.2596118809253458,0.18826778357306406,other
N8,-1.9883595e-08,4.1289177e-06,-0.68104166,0.4958530167236259,0.5407908208156067,0.09045369297105416,N
R19.4,-2.215792e-08,4.6143086e-06,-0.67910564,0.4970787884391061,0.3582446287559449,-0.14374582773060332,R
P07.24,6.506697e-07,0.00014252822,0.6456166,0.5185350970244675,0.40038214720327914,1.6896520982554735,P
R27,1.7472835e-06,0.00038360155,0.6441663,0.5194749949079793,0.015610091855122188,2.697105922447472,R
Z87,7.5477324e-08,1.6642427e-05,0.6413791,0.5212837469595959,0.3337460449231955,0.22783345977240566,Z
B33,-4.146599e-08,9.192238e-06,-0.6379487,0.5235143840858794,0.10343763025819644,-0.23894697756849606,B
H50,2.039817e-06,0.00045371905,0.63579804,0.52491534232292,0.150272262493323,2.7171717252367786,H
J38,4.6853778e-08,1.0505306e-05,0.63074076,0.5282172496706217,-0.01941417023825509,0.10255445925825318,J
E7,-2.5979648e-07,5.826104e-05,-0.63062334,0.5282940397380282,0.1655682569019368,-0.5757139729241595,E
Q7,-1.8406163e-07,4.180774e-05,-0.62261784,0.5335427833641821,0.1844847244530642,-0.3659903240079737,Q
L74,3.6477618e-07,8.337459e-05,0.6187394,0.5360950796853663,0.040345931183142364,0.9036805651303444,L
K42,-1.5673805e-07,3.6489397e-05,-0.6074671,0.5435478572053438,0.2077017617198964,-0.29017940513321117,K
Z28,-2.4268456e-08,5.7319726e-06,-0.59876037,0.5493394770473237,0.22149180859298023,0.1779553429180999,Z
K62.5,2.9216451e-08,6.96991e-06,0.59280974,0.5533151937310223,0.45068550180094646,0.05839418944324745,K
D81,-1.01942604e-07,2.4378654e-05,-0.5913723,0.554277672489027,0.20041275543032433,-0.3473250528796064,D
R10.10,-4.5352042e-08,1.0953774e-05,-0.58552855,0.5581989805442995,0.15576538422747482,-0.15486030559245956,R
H02.84,3.797387e-08,9.28467e-06,0.57840675,0.5629960501728082,0.36038975292043796,-0.1790267898086186,H
H91,1.078921e-06,0.000265149,0.57545936,0.5649871420153532,0.37201825675254374,2.288216827420378,H
Z03,-1.7418864e-07,4.3004573e-05,-0.5728227,0.5667711941776967,0.30160923738918766,-0.4826422876225455,Z
G47.33,6.510237e-08,1.610588e-05,0.5716462,0.5675681046511178,0.27538373205331856,0.07003327060386187,G
N4,-8.348627e-07,0.00020725306,-0.56967753,0.5689028305123047,0.2795195502469038,-1.8815912368277212,N
R52,-3.0502304e-07,7.582513e-05,-0.5688981,0.5694316956716035,0.2454458610723624,-1.0456864367074228,R
I69.92,-6.278509e-07,0.00015788892,-0.562367,0.573872286092469,0.5517679031962561,-1.6710315473717865,I
F4,1.8151579e-07,4.6074958e-05,0.5571401,0.577437938476757,0.545674140566775,0.39753966519192985,F
E2,-3.6613682e-07,9.426173e-05,-0.54931694,0.5827940954727866,0.2758236867251697,-0.8039771961683853,E
P03.89,-3.077573e-08,7.940002e-06,-0.5481542,0.5835921624275722,0.5921011862280297,0.1613491278651575,P
F6,-6.1107556e-07,0.00015850856,-0.5452017,0.5856208694897083,0.39135992884863935,-1.2879541068751041,F
H90,-1.2488006e-06,0.00032412008,-0.54488164,0.5858409989909563,0.09071268511473132,-2.1568888175545857,H
M62.9,1.7982484e-07,4.6976224e-05,0.54136056,0.5882651184551375,0.20961526880387887,0.6651011949560349,M
N36,9.112185e-08,2.4231418e-05,0.53181267,0.5948616553000661,0.457689586758248,0.18526542530808204,N
Z5,-7.8262275e-07,0.00021462722,-0.5156828,0.6060816585490638,0.09651690045925751,-1.822733340983605,Z
Z71.1,-1.4836355e-08,4.0696823e-06,-0.51556295,0.6061653906575577,0.20171622825547958,-0.04297229686528812,Z
G8,6.646805e-08,1.8263798e-05,0.51467943,0.6067827362471672,0.01914496916706468,0.39997570963972995,G
Q75,3.3076876e-07,9.136695e-05,0.5119769,0.6086728314982381,-0.1375288390261049,0.7770553720171172,Q
H91.90,9.543583e-07,0.0002682268,0.50318104,0.6148425351195304,0.009835767286376557,2.3045817415940015,H
G24,-4.100263e-08,1.1624126e-05,-0.49884585,0.6178934740492736,0.2588874515008213,-0.09774858730734914,G
H93,1.5314e-06,0.0004380445,0.49440792,0.6210235509189967,0.009120494519057304,2.392438368817186,H
H10.45,-3.1208398e-08,9.278389e-06,-0.4756789,0.6343083573834529,0.1016604786898013,-0.0937437995730417,H
P92,1.3274553e-07,3.9904004e-05,0.47045538,0.6380348375583975,0.012584289450910197,0.46659545782729317,P
P36.9,-2.2762137e-08,6.917066e-06,-0.46537825,0.6416656711033943,0.15019756586146998,-0.044015442780745956,P
H52.20,4.1165197e-08,1.33087915e-05,0.43742803,0.6618056851806027,-0.08114799291693622,0.05303479231385588,H
K40,-2.5149214e-08,8.492625e-06,-0.41879115,0.6753732742613816,0.30347633556701104,0.08957085513886098,K
P6,-4.681455e-08,1.5825848e-05,-0.4183395,0.675703412183855,-0.03565929512395072,-0.25794326250922,P
R89,8.287691e-09,2.8577967e-06,0.41012594,0.6817179573880239,0.11571459831308253,0.2317669044094285,R
R01.0,-2.2294513e-08,7.692719e-06,-0.40985772,0.6819147118459041,0.4596019422370825,0.017188834400567565,R
Q02,-1.1920508e-08,4.338067e-06,-0.3886096,0.6975691097810359,0.075305280330951,-0.06665554956791056,Q
P07.16,-1.2161978e-08,4.6490804e-06,-0.36995777,0.7114178699556439,-0.0429378157049457,-0.2939756389703539,P
Q90.9,9.662305e-09,3.7424838e-06,0.36512014,0.7150255867052107,0.0091521369561261,0.1055811714205159,Q
J44.9,3.6055614e-08,1.3998541e-05,0.36425465,0.7156717094635505,0.1917444874065842,-0.058365982863859425,J
L74.0,-1.6647633e-07,6.7615445e-05,-0.3481942,0.7276979994037869,0.13614001133296916,-0.3550098418168577,L
R74,-1.8523098e-08,7.5822472e-06,-0.34548616,0.7297325438534732,0.1368473741934916,-0.13012598610190487,R
K21,1.6594755e-07,6.9560345e-05,0.33738372,0.7358311983076051,-0.11583464491313708,0.31924683609481846,K
H52.13,-2.4960144e-07,0.00010571816,-0.333897,0.7384607886163734,-0.16298935825025684,-0.4942259202918767,H
S7,-1.5328855e-08,6.5541317e-06,-0.33075738,0.7408312217440449,0.18870237065504236,-0.16978828991178013,S
P84,1.4203471e-08,6.2999575e-06,0.3188393,0.749851696206675,-0.0059565615457504995,-0.06720825718505849,P
H65,-6.640684e-07,0.0002955859,-0.31771967,0.7507009077677063,0.10134752433221364,-1.438696695117256,H
G40.90,-1.7620512e-07,7.867406e-05,-0.31673932,0.7514447161408939,0.379252021392886,-0.3917044602291348,G
I10,1.2512933e-07,5.7121837e-05,0.30979323,0.7567214250089287,0.2328962447706139,0.3126963847612837,I
B37,-2.5520125e-08,1.1747284e-05,-0.30722767,0.7586732837578345,0.39341274390972125,-0.1888201675921164,B
G47.30,9.5332755e-09,4.4103317e-06,0.30569327,0.7598413805841768,-0.014883045612421722,0.018342659082970936,G
E25.0,-3.4618832e-08,1.6408227e-05,-0.29837728,0.765418330999283,0.28378131707520526,0.16537729013233615,E
R29,-2.721314e-08,1.3225714e-05,-0.29098764,0.7710637896238999,0.31956799440160216,-0.43329515281439035,R
R68.11,-5.6531896e-08,2.814783e-05,-0.28402963,0.776390612123067,-0.19195567569263156,-0.25369762883097075,R
Q99,-5.987559e-08,2.9957448e-05,-0.28265715,0.7774425944985484,0.022792420034653302,-0.04706519771395423,Q
W0,1.5385362e-08,7.899372e-06,0.275442,0.7829795225888041,0.06399123949441254,0.16982270713058542,other
I50,-1.23696635e-08,6.637037e-06,-0.26357162,0.7921127448897609,0.11301289405469676,0.15256780179845267,I
B89,-1.6037808e-08,8.74848e-06,-0.25925514,0.7954410570332606,-0.18875609440916752,0.13041233215124232,B
S42,-1.9027613e-08,1.059128e-05,-0.25406852,0.7994452321071428,0.04261538048126197,0.14816035986748197,S
E71.42,4.459708e-08,2.4867037e-05,0.2536281,0.799785489036906,0.0774117048377817,0.17114432514461508,E
Z38.2,-2.8868888e-08,1.6842549e-05,-0.24240258,0.8084707185009015,-0.024116026391962933,-0.11793780235824054,Z
F91.9,-5.64839e-07,0.0003367223,-0.23722902,0.8124815544842119,-0.0222845962394336,-1.0177804672569961,F
J03.90,2.3187766e-08,1.4025402e-05,0.23380758,0.8151367588582685,0.043367112896316416,0.09925604956321699,J
Z11,-4.831595e-08,3.030905e-05,-0.22544116,0.8216383998381562,-0.06639242378619628,-0.35971213291681126,Z
S0,-2.9117858e-08,2.0378464e-05,-0.20207053,0.8398636383067775,0.31897126375366625,-0.002618051589092854,S
D1,6.276503e-09,4.4359126e-06,0.20010123,0.8414034486812927,0.0688785215240185,0.27329937150612194,D
R19,-4.0880758e-07,0.0002943016,-0.19644514,0.8442637660915453,-0.17289235455453705,-1.0384320676034855,R
R68.13,-1.1046529e-07,8.033409e-05,-0.19446479,0.8458139398643572,0.04191952980883743,-0.24974750656478145,R
R10.9,-1.0790863e-08,7.992216e-06,-0.1909431,0.8485721051772614,0.1282694228753292,-0.12983521959046604,R
R19.8,-1.8529752e-07,0.00014708059,-0.1781678,0.8585929975717486,-0.06405968138506406,-0.2952274695283136,R
E66,-2.4053099e-08,1.938835e-05,-0.17544669,0.8607304330759527,-0.0736505103570079,-0.3646035356215995,E
Z87.19,7.481558e-09,6.3520224e-06,0.16656932,0.867710617574633,0.013362726776382533,-0.03414012942206032,Z
R41,-1.2282029e-08,1.0572118e-05,-0.16429453,0.8695009511198954,-0.09830749899963781,0.07764034884603827,R
H1,3.718067e-07,0.00033749244,0.15580024,0.876192055290872,0.06948778982038713,0.894855326358968,H
R40.4,3.9400656e-09,3.6477975e-06,0.15275228,0.8785951718526743,0.1597214018786398,0.2511171421218654,R
J02.0,8.351682e-08,8.178962e-05,0.14440782,0.8851798942680658,-0.21202288237586506,0.12103039416911193,J
P80.8,-4.535291e-09,4.6478162e-06,-0.1379975,0.8902437880763623,0.11704541615293074,0.12991286425856202,P
Q10.5,1.3605901e-08,1.432222e-05,0.13434824,0.8931285581372246,0.2545886838476399,-0.1278534341438391,Q
R74.8,-9.885931e-09,1.0587482e-05,-0.13205044,0.8949457243074241,0.15148471095191082,-0.04991530850242014,R
R10.84,2.9490964e-08,3.602755e-05,0.115762845,0.9078416604071649,0.015907604162366782,0.16423480540444452,R
N39,2.3899476e-09,2.9613902e-06,0.11413208,0.9091342406768624,0.2739017099033929,-0.20441808606646586,N
H90.3,1.797148e-07,0.00022337059,0.11378181,0.9094119007416036,0.2841787017886227,0.2659024496539523,H
P07.30,-1.7100032e-08,2.3893923e-05,-0.10121024,0.9193845854568548,-0.14133878647313258,0.1093704187285369,P
P83.8,-3.2118697e-09,4.6953737e-06,-0.096739255,0.922934434476068,-0.22301729096080183,0.05368275975300936,P
R56.9,6.963671e-08,0.000105038336,0.09375737,0.9253028365784416,0.1666112171004395,0.1542956297117962,R
J03,1.5835546e-08,2.5408153e-05,0.08814038,0.9297659824849842,0.19012358668422066,0.1144534715624265,J
K6,-1.0323137e-08,1.6687149e-05,-0.087487206,0.9302851305959968,0.13865425711477453,-0.24129028096169747,K
P61,1.7848764e-08,2.94615e-05,0.085677795,0.9317234118112804,0.04391671326772863,0.042034094939415595,P
R00.0,1.0069075e-08,1.7884911e-05,0.0796192,0.936540921694432,-0.21558381410621708,-0.15076090056117436,R
I69,2.6673405e-08,5.1046532e-05,0.07389707,0.9410930253896436,0.15985265392297268,-0.06612843212568012,I
R29.89,-3.4146492e-08,6.6143795e-05,-0.07300826,0.9418002733516856,0.06469851783477534,-0.13101980185093584,R
J30.89,4.966528e-09,9.895256e-06,0.070980795,0.943413750257057,-0.07910118384090471,0.041681154913548527,J
P70,-1.604045e-08,3.6783018e-05,-0.061671454,0.9508250890025496,0.25083132476996983,-0.3718316952204237,P
Q90,-8.600287e-09,2.3054416e-05,-0.052756235,0.9579266592376938,0.0642049674095338,0.06888643314746362,Q
E72,6.933289e-09,2.0055526e-05,0.048890024,0.9610074269240548,-0.011197362512026833,-0.09609553508089974,E
Q53,-3.0583958e-09,9.960344e-06,-0.04342445,0.9653636214331414,-0.09848655506816772,-0.036126422992845124,Q
G40,2.1579979e-08,9.484731e-05,0.032176662,0.9743314884734926,-0.06972143931591895,0.276861536778283,G
S61,7.266499e-10,6.78682e-06,0.015141674,0.9879193045093452,0.0911298034362246,-0.12857404734813863,S
H55,-6.517417e-10,6.227559e-06,-0.014800373,0.988191589267728,-0.03339328463286795,0.14815529814501197,H
Z78.9,-7.9189777e-10,8.109906e-06,-0.013809193,0.9889823460852614,0.07531405519507631,-0.20285986488444827,Z
